Company_ID,Cluster_Profile,Industry,Employees,City,Primary_Challenge,Motivation_for_AI,Leadership_Alignment,AI_Strategy_Cohesion,Market_Hype_Impact,Responsibility_Ownership,AI_Budget_Allocation,Compliance_Feasibility,Use_Case_Prioritization,Business_Value_Tracking,Operational_Integration,Data_Collection_Breadth,Data_Quality_Management,Data_Accessibility,Cloud_Infrastructure,Tooling_BI_Adoption,API_Integration_Level,Project_Mgmt_Effectiveness,Deployment_Speed,Scaling_Capability,Workforce_AI_Skills,Leadership_AI_Familiarity,Training_Programs,Psychological_Safety,Internal_Innovation_Push,Change_Mgmt_Readiness,AI_Ethics_Awareness,Vendor_Partnership_Mgmt,Continuous_Model_Monitoring,Data_Security_Standards,Collaboration_IT_Business,Customer_Data_Usage,Employee_Data_Usage,Operational_Metrics_Usage,Automation_Degree,Future_AI_Investment
CMP-6389,1. The Traditionalist,Retail,251-500,Cologne,Customer Service Efficiency,1,1,3,1,1,1,2,5,1,1,1,1,1,1,1,1,1,1,2,5,2,2,4,1,2,1,2,5,2,3,1,1,1,2,1
CMP-2460,1. The Traditionalist,Logistics,1-50,Berlin,Cost Reduction,1,2,1,1,2,1,1,1,1,2,2,2,1,5,1,1,1,1,1,1,2,1,1,3,1,2,1,1,1,1,1,1,1,1,4
CMP-9544,1. The Traditionalist,Healthcare,1-50,Munich,Task Automation,1,1,1,2,1,1,1,1,1,1,4,1,2,1,1,1,2,1,1,1,1,2,1,2,1,1,1,1,1,4,1,1,5,1,1
CMP-4451,1. The Traditionalist,Finance,51-250,Hamburg,Customer Service Efficiency,1,1,1,2,1,5,3,2,2,1,1,1,2,1,1,1,1,2,1,1,1,1,2,1,1,2,1,1,2,1,1,4,1,1,2
CMP-8263,1. The Traditionalist,Manufacturing,251-500,Hamburg,Data Insights,1,2,1,1,2,1,1,1,5,1,1,1,2,2,1,1,1,1,1,2,1,2,1,1,1,2,1,1,1,2,1,1,5,2,1
CMP-3065,1. The Traditionalist,Logistics,251-500,Munich,Task Automation,2,1,1,1,1,4,1,1,1,1,1,1,1,2,1,1,1,2,1,1,5,1,1,2,1,1,1,1,1,3,1,1,1,5,1
CMP-7651,1. The Traditionalist,Healthcare,251-500,Munich,Data Insights,1,1,1,1,1,2,1,1,2,1,1,2,1,1,1,5,2,2,1,1,1,1,1,1,1,1,5,1,1,1,1,1,1,4,2
CMP-5688,1. The Traditionalist,Tech SME,251-500,Frankfurt,Cost Reduction,1,2,1,4,1,1,2,1,1,2,4,1,1,1,2,2,1,1,1,2,1,1,2,1,1,2,1,1,5,1,1,1,1,3,1
CMP-5510,1. The Traditionalist,Healthcare,51-250,Frankfurt,Document Processing,1,1,1,1,1,1,5,1,1,1,4,1,2,1,1,1,1,2,5,1,1,1,1,1,2,2,2,1,2,1,1,1,1,2,1
CMP-1266,1. The Traditionalist,Logistics,251-500,Hamburg,Customer Service Efficiency,2,1,1,1,1,1,2,1,1,1,1,4,4,1,1,1,4,4,1,1,1,1,1,2,1,1,2,1,1,1,2,1,2,2,1
CMP-9321,1. The Traditionalist,Finance,251-500,Cologne,Customer Service Efficiency,1,2,1,2,1,1,2,2,1,4,1,1,3,1,1,1,2,2,1,2,3,5,1,1,1,2,1,2,5,1,1,1,1,2,1
CMP-5145,1. The Traditionalist,Services,51-250,Hamburg,Document Processing,1,2,1,1,1,3,1,2,1,2,1,1,2,1,1,1,1,1,1,1,1,1,1,1,1,1,1,3,1,2,3,1,5,1,1
CMP-8488,1. The Traditionalist,Finance,51-250,Berlin,Cost Reduction,1,1,1,1,1,1,1,1,1,1,2,1,2,1,1,1,1,2,2,2,3,1,1,1,1,1,3,1,1,4,2,1,2,1,1
CMP-4535,1. The Traditionalist,Logistics,51-250,Stuttgart,Search/Recommendations,1,1,4,1,1,2,1,1,1,2,1,1,2,1,2,1,1,1,1,1,1,2,1,1,2,1,1,1,1,5,1,1,1,2,2
CMP-9565,1. The Traditionalist,Retail,51-250,Cologne,Cost Reduction,1,2,1,1,1,2,1,1,2,5,1,1,1,1,1,1,1,1,1,1,1,2,1,1,1,3,2,1,1,1,1,1,1,4,1
CMP-6806,1. The Traditionalist,Retail,51-250,Frankfurt,Cost Reduction,1,1,1,1,1,2,1,1,3,1,5,1,2,1,1,1,2,1,1,2,2,5,1,2,1,1,1,1,1,1,1,1,2,2,1
CMP-1899,1. The Traditionalist,Healthcare,251-500,Frankfurt,Data Insights,1,1,1,1,1,1,1,1,1,2,3,1,2,1,1,1,1,1,4,1,2,1,1,1,1,1,1,2,1,1,1,4,1,4,1
CMP-8314,1. The Traditionalist,Retail,251-500,Hamburg,Data Insights,1,1,1,2,5,1,1,1,1,1,1,1,1,1,2,1,2,1,2,1,1,1,3,1,1,1,1,1,1,1,1,1,1,5,1
CMP-6237,1. The Traditionalist,Logistics,51-250,Munich,Document Processing,3,1,1,1,2,1,1,1,1,1,1,5,1,1,3,1,1,2,1,1,1,1,1,1,5,4,1,2,1,5,2,2,2,1,1
CMP-2731,1. The Traditionalist,Tech SME,1-50,Frankfurt,Search/Recommendations,2,1,1,1,1,1,1,2,1,1,1,1,1,1,2,4,1,2,1,1,2,1,1,1,1,1,1,1,1,1,1,1,1,1,2
CMP-4499,1. The Traditionalist,Finance,51-250,Berlin,Customer Service Efficiency,1,1,1,1,1,1,1,1,1,4,1,1,1,2,1,2,1,5,1,1,4,1,2,1,1,1,1,1,3,1,1,1,1,2,2
CMP-2351,1. The Traditionalist,Retail,251-500,Frankfurt,Cost Reduction,2,2,1,1,1,1,1,1,1,1,1,1,1,1,2,1,1,1,1,1,2,1,1,1,1,1,1,1,1,1,1,2,1,1,1
CMP-9024,1. The Traditionalist,Manufacturing,51-250,Cologne,Task Automation,1,1,4,1,1,2,1,3,1,1,1,1,1,1,5,1,1,1,1,2,1,1,1,1,1,5,1,1,1,1,1,5,1,1,1
CMP-2234,1. The Traditionalist,Retail,1-50,Cologne,Task Automation,1,1,1,2,2,1,5,1,1,1,1,1,4,1,1,1,2,1,1,2,1,1,1,1,2,1,1,2,2,2,1,1,2,2,1
CMP-2048,1. The Traditionalist,Tech SME,1-50,Munich,Search/Recommendations,1,5,2,1,1,1,4,2,1,1,1,1,2,1,1,1,1,1,2,1,1,1,1,2,1,5,1,3,3,1,2,2,1,1,1
CMP-8748,1. The Traditionalist,Services,251-500,Stuttgart,Data Insights,1,2,3,2,2,1,1,1,5,5,2,4,1,1,2,2,2,1,1,1,1,1,2,2,1,5,2,5,4,1,1,1,1,2,2
CMP-3985,1. The Traditionalist,Finance,251-500,Munich,Data Insights,1,1,1,2,1,1,1,1,2,1,1,2,1,1,2,1,1,1,1,2,2,1,1,2,1,1,2,4,1,1,1,1,1,4,1
CMP-9827,1. The Traditionalist,Retail,251-500,Hamburg,Task Automation,1,1,2,5,1,3,5,1,1,1,1,5,3,1,2,1,2,1,1,1,1,1,1,3,1,1,1,2,1,1,1,1,4,1,1
CMP-2670,1. The Traditionalist,Logistics,51-250,Hamburg,Customer Service Efficiency,1,1,1,1,1,1,1,3,1,1,1,1,3,1,1,2,1,1,4,1,1,2,1,1,1,1,1,2,1,1,1,1,2,1,1
CMP-3585,1. The Traditionalist,Healthcare,251-500,Munich,Data Insights,2,2,1,3,1,1,1,1,2,1,1,1,2,1,4,1,1,1,1,2,1,2,1,1,2,1,1,1,1,1,5,2,1,1,1
CMP-7924,1. The Traditionalist,Healthcare,51-250,Munich,Customer Service Efficiency,1,1,1,1,1,1,1,1,1,2,5,1,1,1,2,2,1,1,2,1,1,2,1,1,1,2,1,1,2,1,2,2,1,1,1
CMP-7255,1. The Traditionalist,Logistics,1-50,Munich,Search/Recommendations,2,2,2,2,2,1,1,1,1,1,1,1,1,1,5,1,2,3,1,1,1,1,1,1,1,1,2,1,3,1,1,1,1,1,1
CMP-1140,1. The Traditionalist,Retail,51-250,Stuttgart,Task Automation,1,5,1,1,1,1,1,1,1,1,1,1,1,2,2,1,1,1,1,1,2,1,1,4,1,1,1,1,1,1,2,1,1,1,1
CMP-6075,1. The Traditionalist,Manufacturing,51-250,Berlin,Cost Reduction,1,2,1,1,1,1,2,1,1,1,1,1,5,1,5,2,1,1,1,2,1,1,1,1,1,3,1,2,4,2,1,2,1,1,1
CMP-9992,1. The Traditionalist,Manufacturing,251-500,Hamburg,Customer Service Efficiency,1,1,1,1,2,1,1,1,1,1,1,1,2,1,1,1,1,1,2,1,1,1,1,5,1,1,1,1,2,2,2,2,1,1,1
CMP-4282,1. The Traditionalist,Retail,1-50,Cologne,Task Automation,1,1,1,5,1,1,1,2,1,2,1,1,1,1,1,1,5,1,1,1,2,1,1,4,1,2,1,1,1,1,1,1,1,1,2
CMP-8118,1. The Traditionalist,Manufacturing,1-50,Stuttgart,Document Processing,1,4,2,1,1,1,1,1,1,1,1,1,1,1,1,1,2,1,1,2,1,3,2,1,1,1,1,1,1,1,1,1,1,1,1
CMP-4013,1. The Traditionalist,Finance,251-500,Frankfurt,Task Automation,1,4,1,2,1,1,1,1,1,1,1,1,1,1,2,1,1,1,1,1,2,1,1,1,1,4,1,1,1,1,1,1,2,1,2
CMP-8733,1. The Traditionalist,Services,51-250,Stuttgart,Customer Service Efficiency,2,2,1,1,1,1,2,1,1,1,1,2,1,1,1,1,2,1,1,5,2,1,2,2,1,1,5,2,1,4,1,2,1,1,2
CMP-3127,1. The Traditionalist,Services,51-250,Munich,Data Insights,1,1,1,2,1,1,1,1,1,4,1,2,5,1,1,5,2,2,1,1,2,1,1,2,1,1,2,2,1,1,1,2,1,3,2
CMP-5361,1. The Traditionalist,Finance,1-50,Stuttgart,Data Insights,1,4,1,1,1,4,1,2,2,1,2,1,1,1,3,1,1,1,2,2,2,1,2,1,1,5,1,1,1,1,1,1,1,2,2
CMP-5178,1. The Traditionalist,Healthcare,251-500,Berlin,Task Automation,2,1,1,1,1,1,2,1,1,1,1,1,1,1,2,2,5,1,1,1,2,2,2,1,4,1,2,4,1,1,3,2,2,1,1
CMP-8874,1. The Traditionalist,Healthcare,51-250,Stuttgart,Document Processing,1,1,1,1,1,1,2,5,1,1,1,1,1,1,1,1,1,1,1,1,2,1,1,1,1,1,1,1,1,1,1,2,1,1,1
CMP-8214,1. The Traditionalist,Healthcare,1-50,Cologne,Customer Service Efficiency,1,1,1,1,1,5,1,1,2,1,1,1,1,1,1,1,1,1,1,1,2,4,5,1,2,1,1,2,1,1,2,1,1,3,2
CMP-1716,1. The Traditionalist,Services,1-50,Hamburg,Document Processing,1,1,1,1,3,5,1,1,5,3,2,1,1,2,1,1,1,1,2,1,1,1,2,1,1,2,2,1,1,1,2,1,2,2,2
CMP-4188,1. The Traditionalist,Manufacturing,251-500,Munich,Data Insights,1,1,1,5,2,1,1,1,1,2,1,1,1,1,1,1,1,1,1,2,2,1,1,1,1,1,1,4,1,1,1,4,1,2,2
CMP-7724,1. The Traditionalist,Manufacturing,1-50,Frankfurt,Task Automation,1,1,1,1,2,2,2,1,1,1,1,2,2,1,2,3,1,1,1,1,1,1,1,1,1,1,1,5,1,2,2,1,2,1,1
CMP-6515,1. The Traditionalist,Finance,51-250,Berlin,Customer Service Efficiency,1,2,1,1,1,1,1,1,1,2,1,1,1,1,1,1,1,2,1,1,1,1,2,1,1,2,2,1,1,3,1,1,1,5,2
CMP-6059,1. The Traditionalist,Services,51-250,Stuttgart,Cost Reduction,1,1,1,1,4,1,1,1,1,1,1,2,4,1,1,1,2,2,3,1,1,1,1,1,2,1,1,1,1,1,5,1,1,2,4
CMP-3380,1. The Traditionalist,Retail,1-50,Stuttgart,Customer Service Efficiency,1,1,1,1,1,5,1,4,4,5,1,1,1,1,1,1,1,2,1,1,1,1,1,1,1,3,1,5,5,1,1,1,1,2,2
CMP-8925,1. The Traditionalist,Healthcare,251-500,Stuttgart,Search/Recommendations,1,1,2,1,5,1,1,2,2,4,1,1,1,2,2,4,1,1,1,1,1,1,1,1,1,1,1,1,1,1,1,1,1,1,2
CMP-8187,1. The Traditionalist,Services,51-250,Frankfurt,Data Insights,1,1,2,1,1,1,5,1,2,1,1,1,1,1,1,2,3,1,1,1,1,1,1,1,1,1,1,1,1,1,1,2,3,1,1
CMP-2045,1. The Traditionalist,Services,251-500,Cologne,Cost Reduction,2,1,1,3,1,2,1,1,3,1,2,1,1,2,1,1,1,1,2,1,1,1,1,1,1,1,1,1,2,3,2,1,1,1,1
CMP-5771,1. The Traditionalist,Services,251-500,Frankfurt,Data Insights,1,1,1,1,1,1,1,2,2,1,1,1,1,1,1,1,1,1,2,4,1,1,2,1,3,1,1,2,2,1,1,1,1,1,1
CMP-3121,1. The Traditionalist,Retail,1-50,Stuttgart,Search/Recommendations,2,4,1,1,1,1,1,1,1,1,1,1,1,2,1,2,1,1,2,1,1,1,1,2,1,1,5,1,1,1,1,5,1,1,1
CMP-5136,1. The Traditionalist,Retail,251-500,Berlin,Customer Service Efficiency,1,2,1,1,2,1,1,5,1,3,2,2,1,1,1,1,1,2,1,1,1,1,1,1,1,1,5,1,5,2,1,1,2,1,1
CMP-6488,1. The Traditionalist,Retail,251-500,Munich,Cost Reduction,1,5,1,1,1,1,1,1,2,2,1,1,1,1,1,1,1,1,1,1,1,1,2,1,1,1,1,1,1,2,1,1,1,1,1
CMP-5591,1. The Traditionalist,Manufacturing,1-50,Frankfurt,Cost Reduction,1,1,1,1,1,4,2,1,2,3,1,1,1,1,1,2,1,1,1,2,1,1,1,2,1,2,1,2,1,1,1,1,1,5,1
CMP-2661,1. The Traditionalist,Manufacturing,51-250,Cologne,Document Processing,1,1,1,4,1,1,1,1,1,2,1,2,1,1,1,1,3,1,3,2,1,2,2,1,2,4,1,1,3,2,2,3,1,1,1
CMP-8328,1. The Traditionalist,Tech SME,1-50,Hamburg,Customer Service Efficiency,1,4,1,1,1,5,1,1,1,5,5,1,1,1,2,2,1,2,2,1,4,1,1,1,1,2,4,2,1,1,1,1,2,1,1
CMP-3874,1. The Traditionalist,Tech SME,51-250,Hamburg,Cost Reduction,2,1,1,1,1,1,1,1,5,1,1,2,1,1,1,2,1,3,1,2,1,1,2,1,2,1,4,1,1,1,2,1,1,3,3
CMP-3434,1. The Traditionalist,Tech SME,51-250,Cologne,Customer Service Efficiency,1,1,1,1,1,1,2,3,1,1,1,1,1,1,3,2,1,1,2,1,1,1,2,1,1,1,1,1,1,3,1,1,4,1,1
CMP-6111,1. The Traditionalist,Finance,251-500,Hamburg,Document Processing,1,1,1,1,1,2,3,1,1,2,1,1,1,1,5,1,2,1,1,1,3,1,2,1,1,1,2,1,2,1,2,1,1,5,2
CMP-6026,1. The Traditionalist,Logistics,1-50,Cologne,Data Insights,1,1,1,1,1,1,1,1,1,2,1,1,2,1,1,1,1,1,1,1,1,1,1,1,1,1,1,2,2,2,5,1,1,1,1
CMP-5278,1. The Traditionalist,Tech SME,51-250,Stuttgart,Data Insights,1,1,3,1,1,1,1,5,1,1,1,1,1,1,1,3,1,4,1,2,1,1,1,2,1,1,1,2,1,1,1,1,1,2,2
CMP-7120,1. The Traditionalist,Retail,51-250,Stuttgart,Task Automation,1,5,2,1,2,1,1,1,2,1,2,1,2,1,1,2,1,1,1,1,1,1,2,2,2,1,2,1,1,2,1,1,1,1,1
CMP-3862,1. The Traditionalist,Logistics,1-50,Frankfurt,Task Automation,1,1,1,1,1,1,1,2,1,1,1,1,1,2,2,1,1,1,1,4,1,2,1,1,4,1,1,2,1,1,1,4,1,1,2
CMP-2920,1. The Traditionalist,Tech SME,251-500,Cologne,Task Automation,2,5,1,1,2,1,1,4,1,2,2,1,4,1,1,1,3,2,1,1,1,1,2,1,3,1,1,1,1,1,1,1,1,1,2
CMP-7426,1. The Traditionalist,Healthcare,251-500,Munich,Task Automation,4,1,1,1,2,3,1,2,2,1,1,1,1,1,1,4,2,2,1,5,2,1,1,2,5,1,1,4,1,4,5,2,3,1,2
CMP-3709,1. The Traditionalist,Finance,1-50,Stuttgart,Cost Reduction,1,1,1,5,1,1,1,1,1,2,1,5,1,1,3,1,1,1,1,1,2,1,1,1,1,1,1,4,1,2,1,1,2,2,2
CMP-1063,1. The Traditionalist,Logistics,51-250,Hamburg,Document Processing,2,1,2,1,1,1,2,1,1,1,1,2,2,1,1,1,1,2,1,2,1,1,1,1,1,1,1,1,1,1,2,2,1,1,1
CMP-6415,1. The Traditionalist,Retail,51-250,Stuttgart,Cost Reduction,1,1,2,1,1,1,2,1,1,2,2,1,2,1,1,1,1,5,1,1,1,1,1,1,2,1,5,1,1,1,1,2,1,1,1
CMP-4880,1. The Traditionalist,Tech SME,1-50,Cologne,Search/Recommendations,1,1,2,1,1,1,1,2,1,2,1,1,1,2,2,5,3,1,1,2,2,3,1,1,1,2,1,2,1,1,1,2,1,1,1
CMP-6922,1. The Traditionalist,Healthcare,251-500,Cologne,Search/Recommendations,1,4,1,2,5,1,3,2,1,1,1,1,1,2,1,1,1,2,1,1,2,2,1,1,1,2,1,2,1,1,1,1,1,1,1
CMP-6430,1. The Traditionalist,Services,251-500,Stuttgart,Search/Recommendations,1,1,3,1,1,1,1,5,1,1,1,1,2,2,1,5,1,1,4,1,1,1,2,1,1,2,2,5,3,1,1,1,1,2,1
CMP-3164,1. The Traditionalist,Manufacturing,1-50,Munich,Cost Reduction,1,1,1,2,2,1,1,1,2,2,1,1,2,1,1,1,2,1,2,2,1,1,1,1,1,1,1,1,1,1,1,2,5,1,1
CMP-9806,1. The Traditionalist,Retail,1-50,Munich,Customer Service Efficiency,1,1,5,4,1,2,1,1,3,2,2,2,1,1,1,2,1,3,1,1,1,1,1,1,1,1,3,1,3,1,1,1,1,1,1
CMP-4490,1. The Traditionalist,Manufacturing,251-500,Munich,Data Insights,1,2,5,1,1,1,2,1,1,4,1,2,1,3,1,1,1,1,1,2,2,2,1,1,1,1,1,1,1,1,1,2,1,1,1
CMP-2488,1. The Traditionalist,Finance,1-50,Berlin,Document Processing,1,2,2,1,1,3,1,1,1,1,2,1,1,2,1,1,1,1,1,5,1,1,1,1,1,1,1,1,2,1,2,2,1,1,1
CMP-7806,1. The Traditionalist,Services,251-500,Cologne,Document Processing,1,1,1,1,1,1,1,1,1,1,1,4,1,1,1,2,1,1,1,4,1,1,1,1,2,1,1,1,1,2,2,1,2,2,1
CMP-5671,1. The Traditionalist,Healthcare,1-50,Cologne,Search/Recommendations,1,1,2,1,1,1,2,1,1,1,1,1,1,1,1,1,1,3,2,1,2,1,2,5,1,1,2,2,1,1,1,1,1,5,1
CMP-1107,1. The Traditionalist,Services,51-250,Munich,Document Processing,1,1,1,1,2,2,1,1,2,2,1,1,2,2,1,2,1,1,1,1,2,1,1,1,1,1,5,2,1,1,1,1,2,1,1
CMP-6333,1. The Traditionalist,Services,1-50,Stuttgart,Task Automation,1,5,2,1,3,2,1,2,2,2,1,1,2,1,1,4,1,1,1,2,2,1,1,1,1,4,1,1,2,1,1,1,1,1,1
CMP-8833,1. The Traditionalist,Tech SME,1-50,Stuttgart,Task Automation,1,2,2,1,1,2,1,1,1,1,2,1,1,1,2,1,2,1,4,1,1,1,4,2,1,2,5,1,3,1,1,1,1,1,1
CMP-6634,1. The Traditionalist,Retail,51-250,Stuttgart,Search/Recommendations,1,2,1,2,2,1,1,1,5,1,1,1,1,2,1,1,1,1,1,1,1,1,5,1,1,1,2,1,2,1,1,1,5,1,1
CMP-8186,1. The Traditionalist,Manufacturing,251-500,Frankfurt,Search/Recommendations,1,1,1,1,2,1,1,1,1,4,1,1,1,1,1,2,1,1,5,2,1,1,1,2,2,1,2,1,2,1,1,4,1,2,1
CMP-9354,1. The Traditionalist,Retail,251-500,Frankfurt,Data Insights,2,1,5,1,1,2,5,3,1,1,1,5,2,1,1,1,1,1,1,1,1,1,2,1,1,4,1,1,1,2,1,2,5,1,1
CMP-6316,1. The Traditionalist,Manufacturing,251-500,Cologne,Search/Recommendations,1,1,2,1,1,2,2,1,5,1,1,1,4,1,1,1,1,1,1,1,1,2,5,1,1,1,1,3,2,1,1,1,1,1,1
CMP-8757,1. The Traditionalist,Services,51-250,Cologne,Cost Reduction,1,1,1,2,1,1,1,1,1,1,1,2,1,1,4,1,1,1,4,5,1,1,1,1,1,3,2,1,2,1,2,2,1,3,1
CMP-8354,1. The Traditionalist,Finance,1-50,Hamburg,Document Processing,1,2,1,2,1,1,1,1,1,1,2,1,1,1,3,1,1,1,1,2,1,1,1,2,1,2,1,1,1,1,4,5,1,4,1
CMP-3398,1. The Traditionalist,Finance,251-500,Frankfurt,Customer Service Efficiency,1,1,2,1,4,2,1,1,1,1,1,1,2,1,2,1,1,5,1,2,1,1,1,2,2,1,4,1,1,1,1,3,2,1,1
CMP-5893,1. The Traditionalist,Logistics,51-250,Berlin,Customer Service Efficiency,2,1,1,1,1,1,1,1,1,2,2,2,1,1,1,1,2,1,2,1,1,1,1,3,1,1,1,1,1,1,1,2,1,1,1
CMP-5609,1. The Traditionalist,Manufacturing,51-250,Cologne,Document Processing,1,1,4,1,1,1,1,1,1,1,3,1,1,2,2,1,1,2,1,1,2,1,2,4,2,1,1,1,1,2,1,1,1,1,1
CMP-1751,1. The Traditionalist,Healthcare,1-50,Hamburg,Search/Recommendations,4,1,1,1,2,1,1,1,1,1,1,1,2,4,2,1,1,1,2,1,1,1,2,1,1,1,1,1,1,1,2,2,2,1,1
CMP-5618,1. The Traditionalist,Finance,251-500,Munich,Customer Service Efficiency,1,3,1,2,4,1,2,1,1,2,2,1,1,1,1,1,1,1,1,1,1,1,1,2,3,1,1,2,1,4,1,1,1,1,1
CMP-6488,1. The Traditionalist,Services,1-50,Hamburg,Cost Reduction,1,1,1,2,1,2,1,1,2,1,1,1,2,2,1,1,1,1,2,1,1,1,5,1,1,1,2,2,1,1,4,1,1,1,1
CMP-3141,1. The Traditionalist,Services,51-250,Frankfurt,Data Insights,1,2,1,1,1,2,1,2,2,1,1,1,1,1,1,1,1,1,1,1,1,1,1,1,1,1,1,2,1,1,1,1,1,1,1
CMP-9726,1. The Traditionalist,Services,51-250,Munich,Customer Service Efficiency,1,3,1,1,1,1,2,1,2,1,1,1,2,2,2,1,1,1,2,1,1,1,1,1,2,1,1,1,1,1,1,2,2,2,1
CMP-2045,1. The Traditionalist,Tech SME,1-50,Berlin,Cost Reduction,5,2,1,2,2,2,2,2,5,1,1,2,1,3,1,1,1,3,1,1,4,1,1,4,1,1,1,1,5,3,4,5,1,1,1
CMP-9495,1. The Traditionalist,Healthcare,51-250,Cologne,Customer Service Efficiency,1,2,3,4,1,1,1,5,4,1,2,1,1,1,1,1,1,1,2,1,1,1,3,1,1,5,3,1,1,1,2,1,2,1,1
CMP-6287,2. The Curious Experimenter,Logistics,51-250,Berlin,Task Automation,2,1,2,1,1,3,3,3,2,2,2,2,2,2,2,3,3,1,2,1,2,1,1,2,5,3,1,2,1,2,2,2,3,2,2
CMP-9903,2. The Curious Experimenter,Logistics,51-250,Berlin,Customer Service Efficiency,4,2,2,1,2,3,3,2,3,2,3,3,2,2,3,2,2,2,1,3,1,3,3,2,2,1,2,4,1,2,2,1,2,2,1
CMP-1188,2. The Curious Experimenter,Retail,51-250,Munich,Cost Reduction,2,2,2,2,2,1,2,2,2,1,2,2,3,4,3,2,3,2,2,2,2,1,2,2,2,5,2,2,2,2,2,2,2,2,1
CMP-4486,2. The Curious Experimenter,Healthcare,251-500,Hamburg,Customer Service Efficiency,2,2,2,2,2,1,3,2,2,3,1,3,2,2,1,2,2,2,2,1,2,1,2,1,2,1,4,2,3,3,3,2,2,2,2
CMP-6209,2. The Curious Experimenter,Finance,1-50,Cologne,Task Automation,1,2,2,2,1,3,2,3,3,2,5,3,3,3,3,2,2,3,2,2,1,5,1,1,2,3,3,3,3,1,2,1,2,1,1
CMP-2314,2. The Curious Experimenter,Retail,1-50,Hamburg,Data Insights,1,2,2,3,2,3,5,2,2,5,3,2,2,2,2,1,3,2,2,1,2,3,2,2,1,1,2,1,3,4,2,2,2,2,2
CMP-9949,2. The Curious Experimenter,Healthcare,1-50,Stuttgart,Search/Recommendations,2,5,1,2,2,3,1,5,3,3,2,4,2,2,2,2,2,2,1,4,2,3,3,3,2,1,2,1,3,4,1,2,1,2,2
CMP-9250,2. The Curious Experimenter,Healthcare,251-500,Munich,Data Insights,1,2,2,1,2,2,2,2,3,2,3,2,3,3,2,2,3,2,4,1,3,3,1,1,2,3,2,1,3,2,2,2,2,2,2
CMP-7888,2. The Curious Experimenter,Manufacturing,251-500,Frankfurt,Document Processing,2,2,2,2,4,2,2,2,2,2,5,2,2,2,2,1,2,2,1,2,1,2,1,2,3,2,2,1,2,2,2,1,1,1,2
CMP-1848,2. The Curious Experimenter,Services,1-50,Munich,Search/Recommendations,5,1,2,2,2,2,2,2,2,4,2,3,4,2,3,3,1,2,2,2,1,1,1,2,2,2,1,2,1,2,2,2,2,2,1
CMP-2946,2. The Curious Experimenter,Logistics,51-250,Berlin,Data Insights,3,2,1,2,2,3,2,2,5,3,2,2,1,2,3,2,2,2,2,1,2,2,1,2,2,2,2,2,4,1,2,3,2,1,2
CMP-6352,2. The Curious Experimenter,Finance,1-50,Cologne,Document Processing,3,2,2,3,2,2,2,1,2,2,1,1,2,3,1,2,3,3,2,1,2,4,2,2,2,2,2,2,4,2,2,2,2,2,3
CMP-8074,2. The Curious Experimenter,Healthcare,51-250,Hamburg,Document Processing,2,3,2,2,5,2,2,3,3,3,2,2,2,2,2,2,5,2,2,2,2,1,5,1,3,1,2,2,2,1,2,2,2,2,1
CMP-2433,2. The Curious Experimenter,Tech SME,1-50,Hamburg,Document Processing,2,4,2,3,2,3,2,2,5,5,2,2,3,2,1,2,2,2,2,2,3,1,2,1,3,1,2,4,2,4,2,2,2,2,2
CMP-6941,2. The Curious Experimenter,Logistics,51-250,Hamburg,Document Processing,1,1,2,2,1,2,1,2,2,2,1,3,3,1,2,2,2,2,2,2,2,5,2,3,2,4,1,2,3,2,1,2,2,2,3
CMP-9802,2. The Curious Experimenter,Tech SME,251-500,Hamburg,Data Insights,1,2,2,2,2,5,2,2,3,1,3,2,4,3,2,2,2,1,2,3,2,3,2,1,2,2,3,3,3,1,2,2,2,2,2
CMP-4875,2. The Curious Experimenter,Tech SME,251-500,Stuttgart,Customer Service Efficiency,2,2,2,2,2,2,1,1,1,2,1,2,5,3,5,2,3,2,2,2,2,2,3,2,2,2,2,5,1,2,2,1,5,2,1
CMP-6710,2. The Curious Experimenter,Retail,251-500,Stuttgart,Document Processing,2,2,2,3,5,1,2,2,1,1,5,2,2,2,1,3,3,2,2,4,2,2,2,2,1,2,2,2,2,2,2,2,2,2,2
CMP-6888,2. The Curious Experimenter,Manufacturing,251-500,Frankfurt,Search/Recommendations,2,2,3,2,2,2,2,2,1,2,3,2,4,2,2,2,2,2,2,2,5,2,2,3,1,4,1,3,2,2,3,2,1,2,1
CMP-6612,2. The Curious Experimenter,Tech SME,251-500,Hamburg,Cost Reduction,2,1,2,3,2,2,2,2,1,2,3,2,3,2,1,4,3,3,2,2,3,2,2,2,1,1,2,1,1,2,1,4,2,3,2
CMP-7342,2. The Curious Experimenter,Manufacturing,51-250,Cologne,Cost Reduction,3,2,3,1,2,5,2,2,2,2,1,2,2,2,2,3,3,2,1,2,2,3,4,1,2,2,1,1,2,1,2,2,1,1,1
CMP-8427,2. The Curious Experimenter,Healthcare,1-50,Berlin,Document Processing,2,1,2,2,3,2,1,3,2,2,5,2,2,3,2,2,3,2,1,2,1,1,1,2,2,2,2,2,1,1,3,3,1,3,2
CMP-5869,2. The Curious Experimenter,Healthcare,251-500,Berlin,Search/Recommendations,2,2,2,2,2,2,2,5,2,2,2,1,2,2,4,1,3,5,2,2,3,1,2,2,3,3,5,3,3,1,1,2,2,3,1
CMP-9635,2. The Curious Experimenter,Logistics,251-500,Stuttgart,Data Insights,2,2,5,3,5,2,2,2,2,2,3,2,3,2,2,3,1,2,1,2,3,2,5,2,1,2,3,2,3,2,3,3,3,1,3
CMP-6333,2. The Curious Experimenter,Tech SME,51-250,Stuttgart,Search/Recommendations,2,2,2,5,2,2,5,2,2,2,2,2,2,4,2,2,3,2,2,2,1,2,1,2,2,2,2,2,1,2,3,2,1,3,3
CMP-2387,2. The Curious Experimenter,Healthcare,251-500,Berlin,Task Automation,2,2,2,1,2,2,3,2,3,2,1,2,1,2,2,3,2,3,2,3,3,3,2,3,2,2,2,1,2,2,3,2,3,2,3
CMP-4767,2. The Curious Experimenter,Retail,1-50,Stuttgart,Document Processing,2,2,3,2,2,2,2,2,3,1,2,1,2,3,2,3,2,2,2,3,1,2,3,2,2,2,2,4,2,2,2,2,2,2,2
CMP-6858,2. The Curious Experimenter,Healthcare,1-50,Stuttgart,Document Processing,2,2,2,2,2,2,2,2,1,2,3,1,1,3,2,2,2,2,3,2,2,2,2,2,2,2,2,2,1,4,3,2,3,3,2
CMP-9777,2. The Curious Experimenter,Healthcare,51-250,Hamburg,Customer Service Efficiency,2,2,2,2,3,1,2,2,2,2,2,3,1,2,2,2,2,2,2,2,3,3,2,2,2,3,3,3,1,2,3,1,2,3,5
CMP-8087,2. The Curious Experimenter,Logistics,1-50,Stuttgart,Cost Reduction,3,2,2,1,2,2,2,2,3,1,2,3,3,3,2,2,2,2,3,3,2,2,3,2,2,2,3,2,4,2,3,2,2,2,2
CMP-8239,2. The Curious Experimenter,Healthcare,1-50,Hamburg,Search/Recommendations,2,2,2,2,1,1,3,2,2,2,4,1,1,2,2,3,3,2,2,2,2,3,2,2,2,2,1,3,3,2,2,2,2,2,2
CMP-4500,2. The Curious Experimenter,Logistics,51-250,Cologne,Search/Recommendations,1,2,1,2,2,1,2,5,2,3,2,2,2,1,3,2,2,2,1,3,2,2,1,1,2,4,2,2,3,2,1,1,4,2,3
CMP-5167,2. The Curious Experimenter,Tech SME,251-500,Cologne,Search/Recommendations,2,2,4,2,2,2,2,2,1,3,2,2,2,1,2,4,3,1,2,1,2,1,1,2,2,2,2,2,2,2,2,1,2,1,2
CMP-5194,2. The Curious Experimenter,Services,251-500,Stuttgart,Cost Reduction,2,3,2,2,1,2,1,2,2,2,1,1,3,3,1,2,2,2,2,3,2,1,2,2,2,1,3,1,3,2,1,3,5,2,3
CMP-5487,2. The Curious Experimenter,Services,1-50,Frankfurt,Task Automation,3,2,1,2,2,2,3,3,2,2,2,1,2,2,1,2,2,2,2,2,1,1,2,1,1,1,2,3,3,5,2,2,2,2,2
CMP-5626,2. The Curious Experimenter,Retail,251-500,Frankfurt,Task Automation,2,2,2,2,2,2,1,3,3,2,2,2,2,1,2,2,2,2,5,3,2,2,2,3,2,2,3,3,2,1,1,2,3,4,2
CMP-7974,2. The Curious Experimenter,Retail,251-500,Berlin,Cost Reduction,3,2,1,3,2,4,5,3,1,5,3,1,2,1,2,2,1,2,2,4,3,2,1,3,3,2,2,2,3,2,3,3,1,1,5
CMP-2137,2. The Curious Experimenter,Healthcare,251-500,Berlin,Data Insights,5,2,2,3,5,3,2,1,2,3,2,2,2,2,2,3,5,2,2,2,3,5,2,2,2,2,2,2,3,2,2,2,2,2,3
CMP-4236,2. The Curious Experimenter,Logistics,51-250,Stuttgart,Customer Service Efficiency,2,2,3,2,3,2,3,1,1,3,2,3,2,2,2,2,2,2,2,1,2,2,4,3,2,2,2,4,2,2,2,2,1,3,2
CMP-8331,2. The Curious Experimenter,Logistics,251-500,Munich,Document Processing,2,1,4,2,2,1,1,1,4,5,1,2,2,3,2,4,3,2,1,1,2,3,3,1,2,4,2,2,2,2,2,2,2,3,5
CMP-2926,2. The Curious Experimenter,Finance,251-500,Berlin,Task Automation,3,1,3,2,1,4,1,2,3,2,2,1,2,1,3,2,2,2,2,2,2,2,2,2,1,2,2,4,2,2,2,4,2,3,2
CMP-3600,2. The Curious Experimenter,Tech SME,51-250,Stuttgart,Data Insights,3,2,1,1,2,2,3,2,5,4,2,2,2,1,3,4,2,3,1,1,5,2,1,1,2,5,2,2,2,2,3,2,2,3,2
CMP-4282,2. The Curious Experimenter,Retail,1-50,Frankfurt,Task Automation,2,3,1,2,2,1,1,2,1,2,1,2,2,2,2,1,2,2,1,2,2,2,2,2,2,1,2,2,2,2,2,2,5,1,1
CMP-3412,2. The Curious Experimenter,Tech SME,1-50,Stuttgart,Task Automation,2,2,2,1,1,2,1,2,2,2,2,1,2,1,2,2,1,2,2,2,1,2,2,3,1,2,2,2,2,2,1,2,1,2,2
CMP-5522,2. The Curious Experimenter,Manufacturing,251-500,Berlin,Cost Reduction,1,2,2,4,2,2,2,2,2,2,2,2,2,2,3,2,2,3,1,5,3,2,2,2,2,5,2,2,2,1,3,4,2,2,2
CMP-4613,2. The Curious Experimenter,Healthcare,1-50,Frankfurt,Document Processing,2,1,1,2,2,1,2,2,2,2,2,2,2,3,2,1,3,3,2,3,2,2,1,2,2,2,2,2,3,2,2,3,1,2,2
CMP-3399,2. The Curious Experimenter,Finance,51-250,Berlin,Task Automation,2,2,2,2,1,2,3,4,1,2,3,3,2,2,2,2,1,3,1,3,2,1,1,2,2,1,2,1,2,2,2,2,3,2,1
CMP-4191,2. The Curious Experimenter,Manufacturing,251-500,Stuttgart,Customer Service Efficiency,2,2,2,3,2,2,2,3,4,2,2,2,1,2,2,3,2,2,2,3,2,1,2,2,2,2,3,2,5,2,2,3,2,2,2
CMP-3030,2. The Curious Experimenter,Logistics,51-250,Frankfurt,Data Insights,2,2,2,2,2,1,2,2,2,2,2,2,3,2,5,3,3,2,2,2,2,2,2,2,2,2,2,2,2,2,2,2,3,2,1
CMP-9132,2. The Curious Experimenter,Logistics,1-50,Hamburg,Task Automation,3,2,2,3,5,2,2,2,2,3,3,2,3,2,2,3,2,3,1,3,2,1,1,2,1,1,3,3,2,2,3,2,2,1,1
CMP-6828,2. The Curious Experimenter,Finance,51-250,Munich,Search/Recommendations,2,3,2,2,1,1,2,2,1,1,2,2,3,2,2,2,2,2,1,2,2,4,2,2,2,2,3,2,2,1,2,2,1,1,3
CMP-5330,2. The Curious Experimenter,Logistics,1-50,Cologne,Document Processing,3,1,1,2,3,1,2,2,2,2,2,2,2,2,2,2,4,3,4,2,2,2,5,1,2,3,2,1,2,1,2,2,3,1,2
CMP-7942,2. The Curious Experimenter,Finance,251-500,Munich,Cost Reduction,2,3,2,3,1,3,2,4,3,2,3,2,2,2,2,2,2,3,2,2,2,2,2,2,2,2,2,2,2,3,3,2,1,4,2
CMP-1237,2. The Curious Experimenter,Tech SME,1-50,Frankfurt,Data Insights,2,2,3,2,2,1,2,3,1,1,1,1,2,1,3,3,1,1,2,3,3,2,2,3,2,2,2,2,2,2,3,2,2,2,1
CMP-4694,2. The Curious Experimenter,Logistics,1-50,Hamburg,Task Automation,2,3,2,2,3,2,2,3,1,2,2,2,1,3,2,2,2,3,2,2,2,2,2,2,2,5,3,1,2,2,5,2,2,3,2
CMP-6628,2. The Curious Experimenter,Retail,51-250,Munich,Cost Reduction,2,2,2,1,2,2,2,4,2,2,3,2,1,2,3,2,2,2,2,5,2,2,2,2,2,2,1,2,3,2,2,2,1,2,2
CMP-2113,2. The Curious Experimenter,Manufacturing,51-250,Berlin,Cost Reduction,1,1,2,1,2,1,2,2,2,3,2,2,2,3,3,1,2,2,3,2,3,2,2,4,2,2,2,2,2,2,3,2,2,1,2
CMP-7237,2. The Curious Experimenter,Finance,51-250,Berlin,Document Processing,1,3,3,2,2,3,2,2,2,5,4,3,1,2,1,5,2,5,2,1,2,1,3,3,2,2,2,2,3,5,2,2,3,1,2
CMP-5107,2. The Curious Experimenter,Healthcare,51-250,Cologne,Customer Service Efficiency,2,1,2,1,3,2,4,3,3,2,2,2,2,2,2,2,3,4,2,2,2,2,2,5,2,1,2,3,2,2,1,1,3,2,2
CMP-7496,2. The Curious Experimenter,Finance,1-50,Frankfurt,Customer Service Efficiency,2,1,2,2,3,2,2,2,1,2,3,2,2,2,2,2,2,2,4,3,2,5,2,2,1,2,3,2,2,2,1,2,1,2,2
CMP-1966,2. The Curious Experimenter,Services,51-250,Berlin,Document Processing,2,3,1,2,2,2,1,2,2,2,2,2,2,1,4,2,3,2,2,2,3,3,2,3,2,2,2,3,3,3,2,2,3,1,2
CMP-7866,2. The Curious Experimenter,Finance,251-500,Cologne,Cost Reduction,1,2,2,2,1,2,1,2,3,2,2,2,4,2,2,3,2,2,1,2,1,2,3,3,2,1,1,2,1,2,3,2,2,1,1
CMP-1666,2. The Curious Experimenter,Logistics,1-50,Stuttgart,Search/Recommendations,1,1,3,1,1,2,2,2,2,2,4,2,2,2,4,2,3,2,3,2,2,5,3,3,2,1,2,2,1,2,2,2,5,1,2
CMP-7376,2. The Curious Experimenter,Services,251-500,Hamburg,Task Automation,3,2,2,1,2,2,2,2,1,2,2,2,1,4,1,2,1,1,2,1,2,3,1,2,3,3,3,2,1,2,2,2,2,2,1
CMP-4146,2. The Curious Experimenter,Finance,251-500,Berlin,Task Automation,2,2,2,2,1,3,2,2,1,2,2,1,2,3,1,2,3,3,2,3,2,2,2,2,2,1,2,2,2,2,2,2,3,3,1
CMP-2860,2. The Curious Experimenter,Retail,51-250,Berlin,Customer Service Efficiency,2,2,3,2,1,1,2,2,5,2,3,2,2,2,2,1,5,3,2,2,1,3,2,2,2,1,2,4,2,2,2,2,3,2,2
CMP-8058,2. The Curious Experimenter,Healthcare,251-500,Stuttgart,Search/Recommendations,3,5,2,1,2,1,2,2,3,2,2,2,1,2,2,2,2,2,1,2,2,5,1,2,2,2,2,2,3,2,1,2,1,2,2
CMP-4141,2. The Curious Experimenter,Logistics,1-50,Stuttgart,Data Insights,1,2,2,2,1,2,3,2,2,2,5,2,2,1,3,2,2,2,2,2,2,2,2,2,5,2,2,1,2,2,2,2,3,2,1
CMP-1632,2. The Curious Experimenter,Retail,251-500,Cologne,Document Processing,3,2,1,1,2,3,2,2,1,2,1,2,5,2,2,2,3,4,2,1,2,2,2,1,2,2,2,3,2,3,2,4,2,2,2
CMP-9391,2. The Curious Experimenter,Manufacturing,251-500,Cologne,Cost Reduction,2,2,2,1,2,3,1,2,2,2,2,1,2,3,2,1,3,1,1,2,2,2,2,3,2,1,2,2,3,2,3,3,2,1,2
CMP-5225,2. The Curious Experimenter,Retail,51-250,Cologne,Customer Service Efficiency,2,2,2,1,3,2,1,2,2,3,3,2,1,1,2,2,4,2,2,2,3,2,3,3,2,1,2,2,1,3,2,2,3,2,2
CMP-6021,2. The Curious Experimenter,Manufacturing,1-50,Hamburg,Document Processing,2,2,2,2,2,3,3,2,2,2,2,2,4,2,1,1,2,3,2,2,2,2,4,3,2,2,2,1,3,2,2,2,2,5,3
CMP-1717,2. The Curious Experimenter,Healthcare,51-250,Hamburg,Cost Reduction,1,1,2,4,5,2,1,2,2,1,2,2,3,3,2,3,2,2,3,3,2,2,2,2,1,3,1,4,2,2,2,2,3,2,3
CMP-6576,2. The Curious Experimenter,Manufacturing,251-500,Stuttgart,Search/Recommendations,2,2,1,2,3,1,2,4,3,3,2,3,5,2,3,1,1,2,2,2,2,2,2,2,2,2,2,2,2,2,2,2,2,3,2
CMP-3367,2. The Curious Experimenter,Services,51-250,Munich,Customer Service Efficiency,2,1,1,2,2,1,2,2,2,1,1,3,3,2,2,2,2,2,2,2,2,2,2,2,2,2,2,5,1,2,2,1,2,2,2
CMP-7596,2. The Curious Experimenter,Finance,51-250,Hamburg,Task Automation,1,2,2,1,5,2,3,2,5,2,1,2,2,3,3,1,2,3,1,3,1,2,2,1,3,1,1,3,2,2,2,2,1,3,2
CMP-5619,2. The Curious Experimenter,Healthcare,1-50,Cologne,Task Automation,5,1,2,2,3,2,2,3,4,1,2,1,2,2,2,2,1,2,2,2,2,2,2,2,4,1,2,3,2,2,2,3,2,3,1
CMP-8993,2. The Curious Experimenter,Tech SME,51-250,Stuttgart,Search/Recommendations,2,3,2,2,2,1,2,2,5,2,2,1,2,3,2,3,3,2,2,1,1,2,1,2,3,2,3,2,1,4,1,1,2,1,2
CMP-8532,2. The Curious Experimenter,Tech SME,1-50,Frankfurt,Document Processing,2,3,1,1,1,2,2,2,2,3,1,2,2,1,2,2,2,1,2,2,2,3,1,3,2,3,2,2,2,2,2,3,5,3,3
CMP-5833,2. The Curious Experimenter,Tech SME,1-50,Berlin,Task Automation,3,3,2,2,1,2,1,1,4,3,3,3,3,2,1,2,1,2,2,2,2,2,1,2,3,3,2,2,2,1,2,3,2,2,3
CMP-2807,2. The Curious Experimenter,Tech SME,1-50,Hamburg,Task Automation,2,3,3,2,2,2,1,3,3,1,2,1,3,2,4,2,2,2,2,3,3,2,2,1,2,2,4,2,3,2,3,2,2,3,1
CMP-7473,2. The Curious Experimenter,Healthcare,51-250,Cologne,Document Processing,3,3,2,1,2,1,3,1,2,2,1,1,2,2,2,2,2,2,2,2,3,2,2,1,2,1,4,2,5,2,2,3,2,1,2
CMP-7320,2. The Curious Experimenter,Logistics,251-500,Cologne,Customer Service Efficiency,1,2,2,2,2,2,5,2,3,2,2,2,2,2,2,2,3,3,2,3,2,2,1,3,2,2,2,2,2,1,1,2,2,2,2
CMP-8871,2. The Curious Experimenter,Finance,51-250,Berlin,Search/Recommendations,3,2,1,3,2,2,2,2,1,1,1,2,3,2,1,5,2,3,1,2,3,2,3,2,1,2,2,2,1,2,3,1,2,2,2
CMP-4367,2. The Curious Experimenter,Services,51-250,Stuttgart,Search/Recommendations,5,1,2,1,2,3,2,2,3,4,2,2,2,2,2,2,1,2,2,1,2,1,2,2,2,1,2,3,2,2,2,4,3,2,3
CMP-5590,2. The Curious Experimenter,Healthcare,1-50,Hamburg,Task Automation,5,3,2,3,2,3,2,2,1,1,1,2,1,2,3,1,1,3,2,3,5,2,2,2,1,2,2,2,2,2,3,2,3,2,2
CMP-8057,2. The Curious Experimenter,Logistics,51-250,Munich,Task Automation,2,3,2,2,3,2,5,2,2,2,2,2,2,2,3,2,3,2,2,2,2,2,3,1,1,2,2,2,1,2,4,2,3,1,3
CMP-9464,2. The Curious Experimenter,Retail,1-50,Berlin,Search/Recommendations,3,1,2,1,3,3,2,3,2,2,2,2,3,2,1,1,1,2,1,2,2,2,2,2,1,1,2,2,1,1,2,2,1,2,3
CMP-6418,2. The Curious Experimenter,Tech SME,1-50,Hamburg,Search/Recommendations,2,2,2,2,2,2,2,2,2,1,2,2,3,5,1,2,2,2,1,1,2,2,2,2,2,1,2,2,3,2,3,5,1,3,1
CMP-3714,2. The Curious Experimenter,Tech SME,251-500,Munich,Search/Recommendations,3,3,2,2,1,2,3,2,1,2,2,3,2,2,2,2,2,3,1,2,2,2,3,2,2,2,2,1,2,2,2,2,5,3,2
CMP-2130,2. The Curious Experimenter,Tech SME,1-50,Cologne,Customer Service Efficiency,3,2,2,2,2,2,2,2,2,3,2,2,2,2,2,2,3,2,2,2,3,1,3,5,3,2,1,2,2,2,2,1,1,2,2
CMP-3877,2. The Curious Experimenter,Tech SME,51-250,Berlin,Data Insights,2,2,1,3,2,3,3,1,2,2,2,2,2,1,2,2,2,2,2,2,2,1,3,2,2,2,2,2,2,2,2,2,1,2,2
CMP-8441,2. The Curious Experimenter,Healthcare,51-250,Berlin,Data Insights,3,1,2,2,2,2,4,2,2,2,2,2,3,2,2,2,2,3,2,2,1,2,3,2,2,3,3,3,2,2,2,3,3,2,3
CMP-5181,2. The Curious Experimenter,Retail,51-250,Berlin,Document Processing,2,3,2,2,5,4,2,2,1,1,5,1,2,2,2,1,1,1,2,2,2,1,1,2,1,3,2,3,2,3,1,1,2,2,1
CMP-3555,2. The Curious Experimenter,Healthcare,51-250,Hamburg,Cost Reduction,2,2,5,2,2,1,2,2,5,2,2,4,2,2,4,2,2,2,2,2,2,3,2,2,2,1,1,2,1,2,2,2,3,2,4
CMP-8584,2. The Curious Experimenter,Retail,1-50,Cologne,Document Processing,2,3,1,2,1,3,3,1,4,2,2,2,5,3,2,2,2,1,2,2,2,4,2,2,2,1,2,1,2,2,2,2,2,2,1
CMP-9834,2. The Curious Experimenter,Manufacturing,51-250,Berlin,Search/Recommendations,2,1,1,5,2,2,3,3,2,1,3,2,2,2,2,2,2,2,3,2,2,2,3,3,2,1,2,5,2,3,1,2,3,2,1
CMP-1696,2. The Curious Experimenter,Tech SME,1-50,Frankfurt,Customer Service Efficiency,3,3,2,2,2,2,2,2,2,2,2,2,1,2,1,2,2,2,2,2,2,2,3,2,2,2,3,1,2,2,1,1,1,1,1
CMP-6702,2. The Curious Experimenter,Tech SME,51-250,Stuttgart,Cost Reduction,3,2,2,3,5,2,3,2,2,2,2,2,3,2,2,3,2,1,2,1,2,2,3,1,1,2,2,2,2,3,2,4,2,2,2
CMP-6808,2. The Curious Experimenter,Retail,251-500,Stuttgart,Data Insights,2,1,2,2,2,2,2,1,2,2,2,4,2,2,1,2,2,2,2,2,1,2,1,2,2,3,4,3,2,3,2,2,5,2,2
CMP-9318,2. The Curious Experimenter,Logistics,1-50,Munich,Data Insights,1,1,2,2,2,2,2,2,2,2,2,5,1,2,2,5,1,1,2,2,1,2,1,2,3,2,3,4,2,4,5,2,3,3,3
CMP-3999,2. The Curious Experimenter,Tech SME,51-250,Stuttgart,Document Processing,1,1,2,2,2,2,2,2,2,2,2,2,1,2,2,2,2,1,4,5,2,4,2,2,2,2,3,1,2,3,2,5,2,2,2
CMP-2755,2. The Curious Experimenter,Retail,1-50,Hamburg,Document Processing,1,3,2,2,2,1,3,3,2,1,4,2,1,3,1,3,4,2,1,2,2,3,2,2,2,3,2,2,2,1,2,3,3,3,3
CMP-6083,2. The Curious Experimenter,Tech SME,1-50,Stuttgart,Document Processing,5,2,4,2,2,2,2,2,2,1,1,2,3,3,2,2,2,2,3,5,2,2,2,2,2,4,2,3,1,2,1,3,1,3,2
CMP-6332,2. The Curious Experimenter,Retail,51-250,Frankfurt,Document Processing,2,2,2,1,1,2,2,2,1,2,3,2,2,3,2,4,2,2,2,2,2,2,3,1,2,3,1,2,1,2,2,2,2,3,3
CMP-8341,2. The Curious Experimenter,Finance,1-50,Munich,Search/Recommendations,3,2,2,1,2,3,2,2,1,1,3,3,1,2,3,3,2,1,1,1,2,1,4,2,2,3,2,2,3,2,3,2,2,2,3
CMP-2520,2. The Curious Experimenter,Retail,51-250,Hamburg,Task Automation,2,2,3,3,2,2,2,5,5,1,2,2,2,1,3,4,3,2,5,2,1,2,4,2,2,2,3,2,1,2,2,1,5,2,2
CMP-3080,2. The Curious Experimenter,Finance,51-250,Frankfurt,Data Insights,1,5,1,2,2,2,2,3,2,2,2,2,3,2,2,2,2,3,1,2,3,2,2,2,2,2,1,3,2,2,3,3,2,3,2
CMP-9883,2. The Curious Experimenter,Manufacturing,1-50,Munich,Data Insights,2,2,2,2,2,2,2,4,2,1,4,3,2,2,2,2,2,2,2,3,3,2,2,2,1,2,2,2,2,2,4,3,2,2,2
CMP-5803,2. The Curious Experimenter,Manufacturing,251-500,Cologne,Cost Reduction,2,2,2,2,2,2,2,2,2,3,2,1,2,2,2,2,2,3,1,2,3,3,1,2,2,3,1,1,2,2,2,3,2,2,2
CMP-4141,2. The Curious Experimenter,Retail,1-50,Hamburg,Search/Recommendations,1,1,2,2,4,2,2,2,2,1,3,3,2,3,2,2,4,2,3,2,4,5,2,2,2,1,2,2,2,2,3,1,1,1,2
CMP-1894,2. The Curious Experimenter,Logistics,1-50,Frankfurt,Data Insights,2,3,2,2,3,2,1,2,1,2,1,2,2,3,2,2,2,3,2,2,2,1,2,1,2,1,5,1,4,2,4,2,2,2,2
CMP-1164,2. The Curious Experimenter,Healthcare,1-50,Stuttgart,Cost Reduction,1,2,3,1,2,1,3,1,2,2,2,1,3,3,2,2,2,2,3,2,3,2,2,3,2,2,3,2,3,2,2,2,1,2,2
CMP-2582,2. The Curious Experimenter,Tech SME,51-250,Frankfurt,Cost Reduction,2,1,3,2,2,2,2,3,3,2,1,2,3,1,3,3,2,2,2,2,2,2,3,2,3,5,2,1,2,1,4,1,3,2,2
CMP-5718,2. The Curious Experimenter,Manufacturing,51-250,Stuttgart,Data Insights,2,2,2,2,4,2,2,2,2,5,2,2,3,2,2,2,2,2,2,5,1,2,2,2,5,2,2,2,1,3,3,2,2,3,1
CMP-8010,2. The Curious Experimenter,Finance,251-500,Cologne,Document Processing,1,2,2,4,2,2,1,2,3,2,3,1,3,3,3,1,1,2,1,3,3,2,2,2,1,2,5,1,2,4,2,2,2,2,1
CMP-5468,2. The Curious Experimenter,Logistics,51-250,Frankfurt,Document Processing,2,3,2,1,1,3,2,3,2,1,3,2,2,2,2,2,3,2,2,3,2,2,2,3,2,2,2,2,1,1,3,3,1,2,1
CMP-2785,2. The Curious Experimenter,Finance,51-250,Munich,Task Automation,2,3,2,1,2,2,1,1,2,2,2,1,3,2,2,2,4,2,2,2,2,2,2,1,1,2,2,3,2,1,2,2,1,2,3
CMP-5486,2. The Curious Experimenter,Logistics,51-250,Stuttgart,Document Processing,1,2,2,1,3,1,1,2,2,3,1,3,2,2,2,2,2,2,3,2,2,3,2,2,2,2,1,2,3,2,2,2,1,3,2
CMP-3560,2. The Curious Experimenter,Retail,251-500,Berlin,Cost Reduction,1,2,2,1,2,1,2,2,1,3,2,1,2,2,1,5,5,2,2,2,2,3,2,4,2,1,3,2,2,2,2,2,2,2,3
CMP-5297,2. The Curious Experimenter,Services,51-250,Cologne,Search/Recommendations,3,1,2,2,2,2,3,2,2,1,2,4,3,3,3,2,4,3,3,2,2,2,2,1,2,2,2,2,3,2,2,2,3,1,3
CMP-5418,2. The Curious Experimenter,Services,1-50,Berlin,Data Insights,2,2,1,2,2,2,2,2,1,1,1,4,2,2,2,1,2,4,1,2,2,1,1,2,2,2,3,2,5,2,4,2,1,3,3
CMP-3178,2. The Curious Experimenter,Retail,251-500,Hamburg,Document Processing,2,2,2,2,3,1,2,3,1,3,2,4,2,3,2,1,1,2,3,2,2,2,3,1,3,2,3,2,2,2,3,2,4,1,1
CMP-1416,2. The Curious Experimenter,Tech SME,251-500,Stuttgart,Customer Service Efficiency,2,3,3,2,2,2,2,2,1,2,2,2,2,2,2,2,5,2,2,1,3,1,2,1,1,2,1,2,5,2,2,2,3,5,2
CMP-1675,2. The Curious Experimenter,Healthcare,1-50,Munich,Cost Reduction,1,2,2,2,2,2,2,2,2,3,2,2,2,3,3,2,1,2,1,2,2,1,1,3,4,2,2,2,1,2,2,3,3,1,2
CMP-7732,2. The Curious Experimenter,Services,251-500,Hamburg,Customer Service Efficiency,2,2,1,2,2,2,2,2,3,2,1,2,2,3,5,2,3,1,2,1,2,3,2,3,2,1,2,1,2,2,5,3,3,2,2
CMP-7934,2. The Curious Experimenter,Logistics,251-500,Frankfurt,Customer Service Efficiency,2,2,5,2,2,2,1,2,3,2,1,2,2,3,1,2,2,1,2,2,2,2,1,2,1,2,1,2,1,2,2,2,2,2,2
CMP-6686,2. The Curious Experimenter,Tech SME,51-250,Berlin,Customer Service Efficiency,2,2,2,2,1,2,2,2,2,2,2,3,2,1,2,3,3,2,2,2,2,2,2,2,1,1,2,2,5,2,2,2,2,3,1
CMP-8294,2. The Curious Experimenter,Retail,51-250,Berlin,Document Processing,2,2,3,3,2,2,3,2,4,2,2,2,3,1,2,5,2,2,2,1,2,1,2,1,1,2,3,1,1,2,2,2,2,3,2
CMP-9344,2. The Curious Experimenter,Services,51-250,Berlin,Task Automation,1,4,1,3,2,2,2,2,3,5,2,1,2,2,2,2,2,2,2,3,2,1,2,2,3,3,2,4,3,2,1,1,2,2,2
CMP-4945,2. The Curious Experimenter,Retail,251-500,Stuttgart,Data Insights,2,3,2,3,2,2,1,3,5,2,2,2,2,2,3,2,2,2,1,2,2,2,4,2,2,2,2,5,1,3,2,2,2,2,2
CMP-6305,2. The Curious Experimenter,Tech SME,51-250,Berlin,Task Automation,2,2,1,2,2,2,2,3,2,2,1,1,4,2,2,4,2,3,2,1,1,2,3,3,3,2,2,3,1,2,2,1,1,1,3
CMP-6372,2. The Curious Experimenter,Tech SME,1-50,Berlin,Task Automation,2,3,2,2,3,2,2,2,2,2,3,2,2,2,2,2,2,2,2,2,1,1,2,5,2,5,3,1,2,2,2,2,4,1,2
CMP-6103,2. The Curious Experimenter,Retail,251-500,Hamburg,Data Insights,2,2,1,2,1,2,2,2,3,1,1,1,2,2,2,1,1,1,3,5,3,2,1,2,1,1,2,1,2,3,2,2,2,2,2
CMP-7023,2. The Curious Experimenter,Services,51-250,Berlin,Cost Reduction,2,2,3,2,2,2,3,2,2,1,4,1,1,3,2,3,2,1,3,2,2,1,2,2,3,3,2,2,1,2,2,1,3,2,3
CMP-7272,2. The Curious Experimenter,Services,51-250,Stuttgart,Data Insights,2,3,3,2,5,2,2,2,2,2,2,2,2,2,2,1,2,2,3,5,2,2,2,3,2,2,3,2,2,1,3,2,1,2,2
CMP-3343,2. The Curious Experimenter,Logistics,251-500,Stuttgart,Cost Reduction,2,2,2,3,2,2,2,2,2,2,2,2,2,2,2,2,4,4,3,3,2,1,2,5,2,1,2,2,2,2,3,2,2,3,1
CMP-2482,2. The Curious Experimenter,Logistics,1-50,Hamburg,Search/Recommendations,1,2,2,2,2,2,2,1,1,2,2,2,2,1,2,1,2,2,2,3,1,2,2,2,1,2,2,1,2,2,2,2,2,2,1
CMP-4358,2. The Curious Experimenter,Services,251-500,Cologne,Cost Reduction,1,2,2,2,2,2,1,2,3,2,2,3,3,2,2,1,2,3,1,2,2,2,2,2,2,2,1,2,2,2,2,4,3,2,2
CMP-6661,2. The Curious Experimenter,Manufacturing,1-50,Hamburg,Document Processing,1,2,2,1,1,1,1,2,3,2,3,2,1,1,3,3,2,2,2,1,2,3,1,2,1,4,2,2,2,5,2,2,3,4,1
CMP-5019,2. The Curious Experimenter,Manufacturing,251-500,Cologne,Cost Reduction,2,2,1,2,2,3,1,2,3,2,4,2,1,1,3,2,2,3,2,2,3,2,3,3,2,1,2,2,2,2,2,2,2,1,1
CMP-9519,2. The Curious Experimenter,Logistics,51-250,Stuttgart,Cost Reduction,2,1,2,1,3,2,2,2,5,2,1,2,2,2,2,3,3,2,1,1,1,1,2,2,2,1,3,2,2,2,2,2,2,2,2
CMP-2570,2. The Curious Experimenter,Retail,251-500,Berlin,Document Processing,3,2,2,1,2,3,2,2,2,2,2,4,3,2,2,2,1,2,2,2,2,2,2,2,2,2,2,3,5,2,5,2,1,1,1
CMP-2635,2. The Curious Experimenter,Tech SME,251-500,Hamburg,Customer Service Efficiency,2,3,2,2,2,5,2,2,1,2,2,2,1,3,3,1,4,1,2,3,3,2,1,2,1,2,4,2,2,2,1,4,2,2,2
CMP-8369,2. The Curious Experimenter,Logistics,1-50,Berlin,Cost Reduction,1,3,3,1,2,2,1,2,2,1,3,2,2,2,2,2,2,2,3,2,2,2,3,2,2,1,2,2,3,2,2,2,5,2,2
CMP-4399,2. The Curious Experimenter,Tech SME,251-500,Hamburg,Document Processing,2,2,3,2,2,3,2,2,1,2,3,3,3,2,3,3,1,2,2,5,3,2,1,2,1,2,1,2,2,5,2,2,1,2,2
CMP-8373,2. The Curious Experimenter,Healthcare,1-50,Berlin,Search/Recommendations,1,1,1,2,1,3,1,2,2,2,2,2,1,2,2,2,2,2,3,1,2,3,2,2,2,2,3,2,5,2,2,3,2,1,3
CMP-3092,2. The Curious Experimenter,Healthcare,51-250,Frankfurt,Data Insights,2,2,2,4,3,2,3,1,1,3,1,2,2,2,2,5,2,2,3,1,1,2,2,3,2,2,2,2,3,5,2,2,3,2,3
CMP-4757,2. The Curious Experimenter,Manufacturing,51-250,Cologne,Data Insights,2,5,2,3,2,1,2,2,2,1,1,2,3,2,3,4,3,3,1,2,3,1,2,2,2,2,1,2,3,4,3,2,1,3,2
CMP-2611,2. The Curious Experimenter,Manufacturing,51-250,Berlin,Search/Recommendations,2,2,1,2,2,2,2,2,2,2,2,2,2,1,2,2,2,2,2,2,2,3,1,2,2,3,2,1,2,2,2,3,1,2,2
CMP-9113,2. The Curious Experimenter,Retail,1-50,Hamburg,Cost Reduction,2,1,2,2,2,2,2,2,2,1,1,2,2,2,2,2,1,1,2,1,1,2,3,3,2,2,2,2,2,2,2,2,2,2,2
CMP-6472,2. The Curious Experimenter,Manufacturing,251-500,Hamburg,Data Insights,1,3,2,2,2,2,3,2,3,2,2,2,2,2,2,2,2,2,3,2,3,2,3,2,2,1,5,2,2,1,2,2,2,2,2
CMP-7179,2. The Curious Experimenter,Healthcare,51-250,Munich,Cost Reduction,2,2,2,1,3,2,2,3,2,2,2,2,3,2,1,1,3,3,1,2,3,2,1,2,2,2,3,3,2,1,2,2,2,2,3
CMP-5462,2. The Curious Experimenter,Services,1-50,Munich,Search/Recommendations,4,2,5,2,2,1,3,2,2,2,1,1,2,5,2,2,3,2,2,2,2,3,2,2,1,2,3,1,3,2,2,3,2,1,3
CMP-3877,2. The Curious Experimenter,Logistics,251-500,Hamburg,Task Automation,2,2,4,2,2,1,1,1,2,2,3,1,3,2,3,1,1,2,2,2,2,2,1,2,3,2,2,2,1,2,2,2,5,3,2
CMP-5459,2. The Curious Experimenter,Logistics,251-500,Berlin,Data Insights,2,1,2,2,2,1,2,1,2,3,2,2,2,2,2,4,2,2,2,2,3,2,2,2,2,2,2,2,2,2,2,2,2,1,1
CMP-4223,2. The Curious Experimenter,Manufacturing,251-500,Cologne,Search/Recommendations,2,2,3,2,1,2,2,2,1,2,2,3,2,2,2,2,2,2,2,4,2,1,2,3,2,2,3,2,2,1,1,3,3,3,2
CMP-6695,2. The Curious Experimenter,Services,251-500,Cologne,Customer Service Efficiency,2,2,2,2,1,3,2,2,2,2,2,2,3,1,3,1,2,2,2,2,1,2,5,2,2,2,2,3,2,3,2,2,2,2,1
CMP-8264,2. The Curious Experimenter,Manufacturing,1-50,Stuttgart,Customer Service Efficiency,2,2,5,2,2,2,2,1,2,1,2,2,2,1,3,3,3,2,2,2,2,1,2,2,2,1,2,3,2,2,5,2,2,3,1
CMP-1427,2. The Curious Experimenter,Logistics,51-250,Frankfurt,Data Insights,2,1,2,2,3,5,2,1,2,2,4,2,2,2,5,2,3,5,3,3,2,1,1,3,2,2,3,3,3,2,3,1,2,2,1
CMP-1286,2. The Curious Experimenter,Healthcare,251-500,Frankfurt,Document Processing,2,2,2,2,3,2,1,5,1,1,2,1,1,1,3,2,1,2,2,3,3,2,2,2,2,2,2,2,2,2,3,1,3,2,2
CMP-3498,2. The Curious Experimenter,Tech SME,251-500,Hamburg,Data Insights,2,1,1,2,2,3,2,2,3,1,2,2,2,2,2,2,2,2,5,2,2,3,2,3,2,2,2,3,4,2,2,1,3,2,3
CMP-7251,2. The Curious Experimenter,Services,1-50,Stuttgart,Search/Recommendations,3,2,2,2,1,2,3,3,2,2,1,2,1,1,2,1,2,2,2,3,2,1,2,2,4,1,2,3,2,3,1,1,4,2,3
CMP-4250,2. The Curious Experimenter,Tech SME,1-50,Frankfurt,Document Processing,2,1,3,2,2,1,3,2,3,2,3,2,1,2,4,2,2,1,2,2,3,3,3,2,1,2,2,2,1,2,2,4,3,2,2
CMP-4918,2. The Curious Experimenter,Services,251-500,Munich,Document Processing,2,3,1,1,2,2,2,1,3,3,1,2,2,3,1,2,2,1,2,2,5,3,1,3,3,5,2,2,2,2,2,2,2,2,3
CMP-1860,2. The Curious Experimenter,Healthcare,251-500,Berlin,Data Insights,3,2,2,2,1,3,2,2,1,2,2,2,3,2,1,2,1,2,2,1,3,2,3,2,4,5,4,2,3,2,3,2,2,5,2
CMP-1420,2. The Curious Experimenter,Services,51-250,Cologne,Search/Recommendations,2,2,2,1,2,2,2,2,3,2,2,2,2,2,2,1,3,2,2,2,1,2,2,2,2,2,2,2,2,1,1,2,3,2,2
CMP-3429,2. The Curious Experimenter,Services,51-250,Cologne,Cost Reduction,2,2,2,4,3,2,2,1,1,2,2,2,2,2,2,1,2,2,2,2,3,4,3,2,2,2,1,2,5,3,2,2,3,2,3
CMP-5078,2. The Curious Experimenter,Finance,251-500,Hamburg,Cost Reduction,1,2,3,2,2,3,2,2,2,5,2,3,2,2,3,1,2,3,2,2,2,2,3,3,2,2,2,2,2,2,3,3,2,3,2
CMP-3983,2. The Curious Experimenter,Healthcare,51-250,Stuttgart,Search/Recommendations,1,1,2,2,2,2,2,2,2,3,2,2,1,2,2,2,2,2,1,1,2,4,2,2,2,1,4,2,2,2,2,2,3,3,2
CMP-5955,2. The Curious Experimenter,Logistics,251-500,Berlin,Search/Recommendations,2,2,3,2,1,2,4,2,2,2,2,2,2,2,2,2,1,1,3,2,2,2,2,2,2,2,2,2,2,2,2,2,1,1,3
CMP-5412,2. The Curious Experimenter,Healthcare,251-500,Hamburg,Task Automation,2,1,2,2,2,2,2,2,2,3,2,1,1,1,2,2,2,1,2,2,2,3,1,2,1,2,3,2,2,2,2,2,2,2,5
CMP-7065,2. The Curious Experimenter,Tech SME,1-50,Berlin,Search/Recommendations,2,3,2,2,2,1,2,1,2,3,2,2,2,2,2,2,2,4,2,2,3,2,4,2,2,3,2,2,3,2,2,2,3,2,3
CMP-8324,2. The Curious Experimenter,Retail,1-50,Frankfurt,Data Insights,2,3,1,2,1,2,3,1,2,3,3,1,2,2,3,2,2,1,2,3,2,5,4,1,2,2,2,5,3,2,3,2,1,2,2
CMP-6164,2. The Curious Experimenter,Healthcare,1-50,Berlin,Search/Recommendations,1,2,1,2,1,2,2,2,2,2,2,1,3,4,2,2,1,1,2,2,2,2,3,2,1,4,2,2,3,5,2,2,2,1,2
CMP-2576,2. The Curious Experimenter,Manufacturing,1-50,Berlin,Customer Service Efficiency,2,2,2,3,3,2,2,3,1,2,3,2,3,1,4,3,3,2,2,2,2,1,2,2,1,2,4,2,1,2,2,2,1,2,2
CMP-5671,2. The Curious Experimenter,Tech SME,251-500,Munich,Task Automation,1,2,2,2,3,1,2,2,2,2,3,1,2,3,1,3,2,2,3,2,2,5,2,2,2,2,5,2,2,4,1,2,2,2,3
CMP-8546,2. The Curious Experimenter,Healthcare,251-500,Frankfurt,Task Automation,2,1,2,2,2,2,2,2,3,2,2,3,2,2,1,1,1,2,5,2,2,2,1,1,2,3,1,3,2,2,1,2,2,2,1
CMP-6374,2. The Curious Experimenter,Services,1-50,Stuttgart,Search/Recommendations,2,1,3,2,2,2,2,3,5,1,2,1,3,2,1,2,1,2,2,1,2,2,2,2,2,3,3,1,2,2,2,5,3,3,2
CMP-1530,2. The Curious Experimenter,Tech SME,51-250,Frankfurt,Search/Recommendations,3,1,2,3,2,5,3,2,1,3,2,1,2,2,2,2,3,2,2,2,1,1,2,2,3,2,2,3,3,2,2,1,2,4,2
CMP-8295,2. The Curious Experimenter,Manufacturing,1-50,Stuttgart,Task Automation,2,2,5,3,1,2,2,1,2,1,3,2,1,2,1,3,2,2,1,2,1,2,2,3,3,1,2,2,2,1,1,2,2,1,2
CMP-9692,2. The Curious Experimenter,Healthcare,251-500,Stuttgart,Task Automation,2,2,2,2,2,1,1,2,2,2,3,2,2,1,5,2,2,1,2,1,3,3,2,3,2,1,2,2,2,2,2,2,3,2,2
CMP-3113,2. The Curious Experimenter,Healthcare,1-50,Berlin,Document Processing,2,2,2,2,2,1,2,1,2,2,2,2,2,3,3,1,2,2,2,1,2,2,2,3,2,2,1,2,2,3,1,2,2,2,2
CMP-6327,2. The Curious Experimenter,Services,251-500,Stuttgart,Data Insights,1,2,1,2,2,2,3,1,2,2,2,2,1,1,1,5,3,1,2,2,3,2,3,2,2,2,2,2,3,2,2,3,2,2,2
CMP-1645,2. The Curious Experimenter,Healthcare,1-50,Frankfurt,Task Automation,2,3,2,2,3,2,3,2,2,2,5,2,2,3,2,2,1,3,2,1,2,3,3,1,1,2,2,2,2,2,2,1,3,2,3
CMP-5800,2. The Curious Experimenter,Finance,251-500,Stuttgart,Cost Reduction,2,2,2,2,3,1,2,2,5,2,2,4,2,2,2,1,1,2,1,2,2,3,2,1,2,1,2,2,2,1,2,1,2,2,2
CMP-1440,2. The Curious Experimenter,Tech SME,1-50,Hamburg,Cost Reduction,3,2,2,3,2,2,2,2,2,1,2,3,2,2,1,2,2,2,3,2,3,1,2,2,3,1,2,2,2,2,2,3,2,3,2
CMP-3346,2. The Curious Experimenter,Tech SME,51-250,Stuttgart,Task Automation,1,2,1,3,4,5,2,3,1,2,1,3,2,1,2,2,2,1,1,2,2,1,1,1,2,5,1,1,2,2,2,2,1,2,2
CMP-9106,2. The Curious Experimenter,Tech SME,251-500,Stuttgart,Data Insights,2,2,2,1,1,2,2,2,2,1,2,1,1,3,3,2,2,5,2,2,2,2,2,2,1,5,2,1,2,4,1,2,2,2,2
CMP-7473,2. The Curious Experimenter,Services,51-250,Frankfurt,Document Processing,2,1,2,2,3,3,3,2,2,2,2,2,2,2,2,2,1,2,2,3,2,2,1,2,3,2,2,2,2,3,2,1,1,1,3
CMP-2078,2. The Curious Experimenter,Logistics,251-500,Hamburg,Customer Service Efficiency,1,4,2,2,3,2,3,2,2,2,2,2,2,2,2,2,2,2,3,1,2,2,1,2,1,1,1,1,2,1,2,2,2,2,2
CMP-4476,2. The Curious Experimenter,Manufacturing,1-50,Hamburg,Cost Reduction,2,2,3,2,3,3,5,2,2,2,2,1,2,3,3,3,2,3,1,2,2,3,2,2,2,1,3,3,2,3,2,2,2,2,2
CMP-3149,2. The Curious Experimenter,Healthcare,51-250,Cologne,Task Automation,3,2,2,2,2,3,2,2,1,2,2,2,1,2,3,1,2,2,2,2,1,2,3,2,3,2,2,3,2,3,3,2,2,3,2
CMP-3772,2. The Curious Experimenter,Tech SME,251-500,Cologne,Customer Service Efficiency,1,2,1,2,3,2,2,2,1,1,2,2,2,3,2,1,2,2,2,3,2,3,2,3,2,2,5,1,2,2,3,1,3,1,2
CMP-7453,2. The Curious Experimenter,Retail,1-50,Munich,Document Processing,2,1,2,1,1,2,2,2,4,1,2,5,3,1,1,1,3,3,1,2,2,2,3,3,3,1,4,2,3,3,2,2,2,2,1
CMP-6368,2. The Curious Experimenter,Logistics,251-500,Berlin,Data Insights,2,2,2,2,3,2,4,1,2,1,2,2,3,2,2,3,2,2,2,2,2,2,2,2,2,2,2,2,4,2,3,1,4,2,3
CMP-2719,2. The Curious Experimenter,Logistics,51-250,Cologne,Cost Reduction,2,2,2,2,5,2,2,2,2,2,2,3,2,2,2,2,1,2,1,1,2,2,2,2,2,2,2,2,3,3,2,2,1,1,2
CMP-2025,2. The Curious Experimenter,Finance,1-50,Munich,Cost Reduction,1,2,3,2,2,3,1,1,3,2,1,2,3,2,2,2,1,2,2,2,2,1,1,2,2,2,2,3,2,3,2,3,2,1,2
CMP-1926,2. The Curious Experimenter,Logistics,1-50,Berlin,Cost Reduction,3,1,2,1,2,5,2,2,1,2,2,1,3,2,2,2,1,3,2,2,1,2,1,3,3,3,2,2,2,2,3,2,2,3,1
CMP-7370,2. The Curious Experimenter,Tech SME,251-500,Hamburg,Cost Reduction,2,3,3,2,2,3,2,2,5,2,3,1,2,3,3,2,2,1,3,3,2,2,2,2,3,1,1,1,3,2,2,2,1,1,3
CMP-4163,3. The Structured Builder,Services,1-50,Hamburg,Document Processing,5,3,3,2,3,3,4,3,3,5,2,5,2,3,2,3,2,3,3,3,3,3,3,3,3,3,3,3,3,3,3,4,3,3,4
CMP-6695,3. The Structured Builder,Retail,1-50,Cologne,Search/Recommendations,3,4,2,4,3,3,4,3,1,3,3,4,2,2,4,5,4,3,2,3,4,3,2,3,3,2,4,3,4,3,3,3,3,3,1
CMP-9016,3. The Structured Builder,Logistics,51-250,Stuttgart,Task Automation,3,3,3,3,3,3,3,3,3,4,2,3,3,2,3,3,5,3,3,2,4,3,3,4,3,3,4,2,1,3,3,4,3,3,2
CMP-7558,3. The Structured Builder,Services,51-250,Frankfurt,Data Insights,3,3,1,4,3,4,3,5,3,3,3,2,2,2,3,4,4,3,3,2,3,3,3,3,3,5,4,3,4,3,3,3,3,3,3
CMP-7885,3. The Structured Builder,Services,51-250,Stuttgart,Search/Recommendations,4,3,3,5,2,3,3,4,4,3,3,3,2,5,3,2,3,2,4,3,3,2,4,3,3,3,2,4,2,4,3,3,3,3,3
CMP-4769,3. The Structured Builder,Services,251-500,Hamburg,Cost Reduction,3,3,3,3,3,2,3,3,3,4,2,3,1,3,3,3,4,1,5,3,3,3,2,5,4,3,3,3,3,3,3,3,3,3,3
CMP-3455,3. The Structured Builder,Tech SME,1-50,Berlin,Document Processing,3,3,3,3,4,3,3,3,1,2,3,3,2,3,3,3,3,3,2,3,3,2,3,3,2,2,2,2,3,4,3,3,3,3,3
CMP-9917,3. The Structured Builder,Logistics,251-500,Frankfurt,Search/Recommendations,4,3,2,3,3,2,3,3,5,3,3,4,4,4,3,3,4,3,3,3,4,3,3,4,5,2,3,3,3,2,3,3,3,3,3
CMP-4363,3. The Structured Builder,Finance,251-500,Berlin,Cost Reduction,3,2,4,3,2,4,3,4,4,3,2,4,3,3,5,1,3,3,1,3,4,4,3,3,3,3,3,3,4,3,4,3,3,3,4
CMP-7735,3. The Structured Builder,Tech SME,251-500,Frankfurt,Document Processing,3,4,3,4,3,5,4,4,4,3,3,3,3,4,3,1,3,3,3,3,2,3,2,3,3,2,3,2,3,3,3,3,1,3,3
CMP-7625,3. The Structured Builder,Manufacturing,1-50,Cologne,Customer Service Efficiency,3,4,1,4,3,3,2,3,4,3,3,2,2,4,3,3,4,2,3,3,4,3,1,2,5,3,4,3,3,3,5,3,3,2,4
CMP-2285,3. The Structured Builder,Manufacturing,251-500,Munich,Document Processing,3,3,3,3,3,3,4,3,4,3,3,2,3,4,4,3,4,4,3,4,2,3,3,3,3,3,3,3,2,4,4,4,3,3,3
CMP-2541,3. The Structured Builder,Manufacturing,1-50,Cologne,Search/Recommendations,3,3,3,3,2,3,5,3,4,3,3,3,2,2,3,4,3,4,2,2,3,3,3,3,3,2,3,3,4,3,3,3,2,4,4
CMP-2014,3. The Structured Builder,Finance,1-50,Berlin,Document Processing,2,3,3,5,2,3,3,4,3,3,5,3,3,3,3,3,4,3,4,3,2,3,3,3,2,3,4,3,3,2,3,3,4,3,3
CMP-2836,3. The Structured Builder,Tech SME,51-250,Cologne,Customer Service Efficiency,3,3,4,4,4,3,2,3,3,3,3,3,3,2,4,2,4,2,3,3,5,4,3,3,4,3,2,3,3,4,3,3,5,3,3
CMP-3186,3. The Structured Builder,Logistics,51-250,Cologne,Data Insights,3,4,4,3,2,3,3,2,3,3,4,3,2,3,3,3,2,3,2,3,3,4,4,2,2,3,4,1,3,3,3,3,2,3,3
CMP-3818,3. The Structured Builder,Manufacturing,51-250,Frankfurt,Task Automation,3,3,3,3,3,3,4,3,3,3,2,2,3,4,3,3,3,3,3,4,3,3,2,3,4,3,3,3,4,3,3,2,3,2,3
CMP-6284,3. The Structured Builder,Services,51-250,Munich,Data Insights,3,3,3,4,2,3,2,1,2,5,3,4,4,2,3,5,4,3,2,3,2,2,3,2,4,3,3,3,3,5,3,3,4,2,3
CMP-2589,3. The Structured Builder,Finance,51-250,Berlin,Task Automation,3,1,3,4,2,3,2,3,3,2,4,1,3,4,3,5,3,3,3,4,3,3,4,3,3,3,4,3,3,4,1,3,3,3,2
CMP-4289,3. The Structured Builder,Tech SME,1-50,Stuttgart,Search/Recommendations,3,3,3,2,2,3,3,2,3,3,4,3,3,4,3,4,3,3,2,4,3,3,3,3,3,3,3,3,3,3,5,4,2,2,3
CMP-7368,3. The Structured Builder,Tech SME,251-500,Cologne,Cost Reduction,3,3,3,3,3,3,2,3,3,4,4,2,3,4,4,3,3,3,2,4,3,3,2,2,3,3,3,3,3,3,4,2,3,2,3
CMP-2789,3. The Structured Builder,Services,1-50,Stuttgart,Data Insights,2,3,2,3,3,3,2,3,3,3,3,2,3,2,4,4,4,4,3,2,2,3,3,4,3,2,2,2,3,2,3,3,4,3,3
CMP-2592,3. The Structured Builder,Healthcare,51-250,Frankfurt,Search/Recommendations,2,1,4,2,3,4,3,2,3,3,3,3,3,4,3,2,5,4,4,2,3,3,3,3,4,2,4,4,3,3,3,3,3,3,4
CMP-7372,3. The Structured Builder,Logistics,251-500,Stuttgart,Task Automation,3,3,4,2,3,3,3,3,3,3,5,5,3,3,3,3,3,3,3,3,4,3,3,3,3,3,3,3,3,2,3,2,3,2,2
CMP-5530,3. The Structured Builder,Manufacturing,51-250,Stuttgart,Customer Service Efficiency,3,2,3,3,3,3,3,3,3,2,2,3,4,2,3,3,3,3,4,3,3,2,1,2,3,3,3,3,3,3,3,3,3,3,3
CMP-5411,3. The Structured Builder,Services,51-250,Stuttgart,Cost Reduction,3,3,4,2,2,3,4,2,2,4,1,3,2,3,4,5,3,3,3,4,4,3,2,4,3,2,3,2,2,3,3,3,3,2,3
CMP-1318,3. The Structured Builder,Tech SME,251-500,Hamburg,Document Processing,3,3,3,3,3,3,4,3,5,3,3,4,4,3,3,3,4,2,4,4,3,3,3,3,2,1,4,5,3,3,3,4,2,3,3
CMP-6548,3. The Structured Builder,Retail,1-50,Hamburg,Search/Recommendations,3,3,3,3,3,3,3,3,3,4,3,3,1,2,3,3,5,3,3,3,2,3,5,3,3,3,3,3,3,2,2,2,3,4,3
CMP-5112,3. The Structured Builder,Manufacturing,251-500,Frankfurt,Data Insights,2,2,4,2,3,2,3,2,4,5,2,4,2,3,3,4,3,2,4,3,3,4,3,3,3,3,3,3,4,3,2,2,3,3,4
CMP-2508,3. The Structured Builder,Services,251-500,Berlin,Data Insights,5,3,3,3,3,4,3,3,3,3,3,2,3,2,4,4,4,2,3,3,3,3,3,2,3,4,3,3,1,3,1,3,2,3,3
CMP-1317,3. The Structured Builder,Manufacturing,51-250,Stuttgart,Search/Recommendations,3,2,3,1,3,3,2,3,3,3,4,3,4,3,3,4,2,3,3,3,3,3,1,4,3,3,3,3,3,3,3,2,3,3,3
CMP-2675,3. The Structured Builder,Healthcare,51-250,Hamburg,Cost Reduction,3,4,3,4,3,3,4,3,3,4,5,3,4,3,2,4,3,3,3,1,3,3,4,5,3,4,4,3,3,3,1,1,2,3,3
CMP-4278,3. The Structured Builder,Finance,51-250,Berlin,Document Processing,3,3,4,2,3,3,2,1,3,3,4,1,3,3,3,2,3,2,3,4,3,3,3,4,4,3,3,4,3,2,2,2,1,3,3
CMP-6392,3. The Structured Builder,Finance,51-250,Berlin,Cost Reduction,3,2,3,3,3,3,3,2,4,2,3,3,3,4,2,4,4,4,5,3,3,2,2,4,4,3,2,3,3,4,3,3,3,3,3
CMP-8103,3. The Structured Builder,Retail,251-500,Munich,Data Insights,3,3,3,2,3,4,3,3,3,2,2,2,3,3,5,3,5,4,3,3,3,4,4,5,3,3,5,2,2,2,3,3,2,3,3
CMP-5146,3. The Structured Builder,Healthcare,51-250,Cologne,Customer Service Efficiency,2,3,2,2,4,2,3,4,3,2,3,3,3,3,3,3,2,4,1,3,3,3,3,3,1,4,3,3,3,3,2,3,1,4,3
CMP-8456,3. The Structured Builder,Healthcare,251-500,Berlin,Cost Reduction,3,2,1,3,4,3,3,3,5,3,3,1,3,3,3,3,3,3,2,3,4,3,3,3,3,3,2,4,3,3,3,4,3,3,4
CMP-7937,3. The Structured Builder,Services,51-250,Frankfurt,Data Insights,3,4,4,3,4,2,3,4,3,3,3,3,3,3,4,4,3,2,2,2,3,3,3,2,3,4,2,4,3,2,3,4,3,3,3
CMP-2037,3. The Structured Builder,Manufacturing,251-500,Cologne,Cost Reduction,3,4,3,5,3,4,3,1,3,2,3,1,3,3,4,3,3,3,4,3,2,3,3,3,1,2,3,4,2,2,3,3,3,3,4
CMP-6999,3. The Structured Builder,Finance,51-250,Munich,Customer Service Efficiency,4,3,2,2,3,3,4,3,1,3,4,2,3,2,2,3,3,3,3,1,2,4,3,2,3,3,3,3,2,3,4,3,3,3,3
CMP-6049,3. The Structured Builder,Services,1-50,Munich,Data Insights,3,4,4,4,2,3,4,3,3,3,2,3,2,3,3,2,3,3,3,2,4,3,4,3,3,3,3,4,3,3,5,3,3,1,3
CMP-9545,3. The Structured Builder,Tech SME,1-50,Munich,Cost Reduction,2,4,2,2,3,3,1,3,4,3,3,3,3,2,2,2,3,4,2,3,2,3,4,3,3,3,4,3,4,4,2,3,4,4,3
CMP-1312,3. The Structured Builder,Healthcare,1-50,Cologne,Customer Service Efficiency,3,3,3,3,3,2,4,3,3,3,4,3,4,4,2,2,3,4,4,3,3,4,3,3,3,2,3,1,2,2,4,5,3,3,3
CMP-5448,3. The Structured Builder,Tech SME,251-500,Hamburg,Data Insights,3,3,3,4,3,3,2,3,3,3,3,2,3,3,4,2,3,2,2,3,4,3,3,3,2,3,2,1,3,3,2,3,3,1,3
CMP-2333,3. The Structured Builder,Tech SME,251-500,Berlin,Document Processing,3,2,2,4,2,4,2,3,2,3,3,4,3,2,3,3,3,4,4,3,3,2,3,3,3,2,3,3,3,4,5,3,2,3,2
CMP-2378,3. The Structured Builder,Healthcare,251-500,Frankfurt,Task Automation,3,3,3,2,3,3,3,5,3,2,3,3,3,3,3,3,3,3,3,3,3,3,3,4,5,4,4,3,3,4,4,2,3,3,3
CMP-9707,3. The Structured Builder,Manufacturing,51-250,Cologne,Document Processing,3,3,4,3,4,3,2,3,2,3,3,3,2,3,2,4,4,2,4,3,3,3,4,3,2,3,2,3,3,3,4,3,3,3,3
CMP-4860,3. The Structured Builder,Finance,1-50,Cologne,Data Insights,3,4,3,3,3,3,3,3,3,3,3,3,3,2,3,3,2,3,1,4,3,1,2,3,2,2,3,3,2,3,3,2,2,1,1
CMP-3127,3. The Structured Builder,Logistics,1-50,Cologne,Data Insights,4,3,2,3,2,3,3,2,3,3,3,3,4,2,3,4,3,4,3,3,3,3,2,3,3,3,2,3,2,3,3,2,3,4,3
CMP-6852,3. The Structured Builder,Finance,251-500,Munich,Customer Service Efficiency,2,1,3,4,3,2,2,1,1,4,3,3,2,2,3,3,3,3,3,3,3,3,3,3,3,4,3,2,4,3,3,3,3,3,4
CMP-9285,3. The Structured Builder,Services,1-50,Berlin,Search/Recommendations,3,5,3,3,3,3,3,3,3,4,4,4,1,3,3,3,3,3,3,4,1,2,3,2,5,3,3,4,3,3,5,4,3,3,2
CMP-7387,3. The Structured Builder,Healthcare,251-500,Cologne,Data Insights,1,4,4,3,3,3,4,3,3,2,2,2,3,3,3,3,3,4,3,2,2,4,3,1,2,4,3,4,5,3,3,2,3,3,3
CMP-1861,3. The Structured Builder,Healthcare,1-50,Stuttgart,Customer Service Efficiency,3,3,3,4,3,3,1,2,4,3,3,4,1,3,3,3,3,3,3,5,3,3,4,3,3,3,1,2,5,3,3,2,4,5,2
CMP-4828,3. The Structured Builder,Retail,51-250,Frankfurt,Document Processing,1,3,3,4,4,3,3,3,3,3,3,3,2,4,3,2,2,3,4,3,4,4,3,3,3,3,5,3,3,2,3,3,2,3,2
CMP-2377,3. The Structured Builder,Logistics,251-500,Cologne,Search/Recommendations,4,3,3,2,2,3,3,3,3,3,3,3,4,4,3,2,3,3,3,2,3,2,3,3,3,2,3,4,3,4,3,3,3,2,3
CMP-5374,3. The Structured Builder,Tech SME,51-250,Frankfurt,Data Insights,4,3,3,3,1,5,3,3,2,3,3,3,3,2,3,3,5,2,3,2,3,4,4,4,3,2,4,3,4,3,3,3,4,1,1
CMP-1786,3. The Structured Builder,Services,251-500,Berlin,Document Processing,3,5,2,3,2,2,5,3,3,5,3,4,3,2,4,4,3,4,4,3,2,2,3,2,3,3,4,4,1,2,3,4,3,3,3
CMP-2330,3. The Structured Builder,Logistics,51-250,Berlin,Task Automation,3,3,3,2,3,4,4,3,3,3,3,3,3,4,3,3,3,4,3,4,3,5,3,3,3,3,3,3,3,3,4,3,4,3,4
CMP-6079,3. The Structured Builder,Manufacturing,251-500,Munich,Customer Service Efficiency,3,3,3,3,5,3,3,3,4,3,3,5,3,3,3,1,3,3,3,4,3,3,3,3,4,3,2,4,3,3,3,3,3,3,4
CMP-5989,3. The Structured Builder,Healthcare,251-500,Munich,Search/Recommendations,2,4,3,3,3,2,3,2,3,2,2,4,1,3,5,3,2,3,5,2,3,2,3,3,3,3,3,3,3,3,3,3,3,4,3
CMP-4770,3. The Structured Builder,Tech SME,51-250,Berlin,Task Automation,4,2,3,3,3,3,3,4,5,3,3,2,4,3,3,3,4,4,3,3,3,3,3,2,2,2,2,3,4,3,2,2,3,3,3
CMP-3455,3. The Structured Builder,Services,251-500,Stuttgart,Cost Reduction,3,3,3,3,2,3,3,5,4,4,4,3,3,4,3,3,3,3,4,3,5,3,3,2,3,3,3,3,3,4,3,4,3,2,2
CMP-7790,3. The Structured Builder,Services,1-50,Cologne,Task Automation,4,3,3,3,3,3,2,3,4,3,2,3,3,3,4,5,4,3,2,5,3,3,3,4,3,3,4,2,3,3,3,4,1,1,3
CMP-4913,3. The Structured Builder,Services,51-250,Stuttgart,Customer Service Efficiency,3,2,3,3,3,3,3,3,3,4,2,3,3,3,3,3,3,2,1,3,3,3,3,3,4,3,3,4,3,3,3,3,3,3,3
CMP-4524,3. The Structured Builder,Services,251-500,Munich,Document Processing,3,2,2,3,3,2,3,3,3,3,3,1,3,2,3,3,3,3,1,1,4,3,4,3,4,3,3,4,3,5,4,3,3,4,3
CMP-8197,3. The Structured Builder,Services,1-50,Cologne,Task Automation,3,4,3,2,3,3,3,2,5,3,2,3,4,3,5,4,4,2,3,3,4,3,5,3,3,4,3,3,4,3,3,3,5,3,3
CMP-5230,3. The Structured Builder,Logistics,51-250,Berlin,Customer Service Efficiency,3,3,4,3,3,4,2,3,3,2,4,3,2,2,3,3,3,4,4,1,3,3,3,3,3,3,4,2,3,2,4,3,3,3,3
CMP-2061,3. The Structured Builder,Manufacturing,1-50,Hamburg,Cost Reduction,4,5,3,2,3,3,2,3,2,3,2,3,3,3,3,1,4,2,2,2,4,3,3,3,3,3,3,3,3,3,4,3,2,3,3
CMP-8624,3. The Structured Builder,Finance,251-500,Stuttgart,Task Automation,3,4,3,3,1,3,3,2,4,3,1,5,4,3,3,3,3,3,1,3,3,3,3,3,3,2,1,3,3,4,3,3,3,2,3
CMP-5443,3. The Structured Builder,Healthcare,251-500,Cologne,Document Processing,3,3,3,3,3,4,3,3,2,2,3,3,3,3,3,2,3,5,2,4,3,3,5,3,3,3,3,4,3,3,4,3,3,3,3
CMP-1258,3. The Structured Builder,Services,251-500,Berlin,Task Automation,3,2,3,3,3,4,3,5,3,4,3,4,4,3,3,4,3,4,2,3,3,5,3,3,3,3,2,3,3,1,3,5,4,3,4
CMP-3259,3. The Structured Builder,Retail,251-500,Cologne,Task Automation,3,3,2,4,2,4,3,3,2,2,2,3,5,2,3,2,4,3,2,2,3,3,3,3,3,4,4,3,3,2,3,3,3,3,4
CMP-8163,3. The Structured Builder,Finance,251-500,Munich,Data Insights,3,4,4,3,3,3,3,3,2,4,3,2,2,3,2,4,3,4,3,3,3,2,3,3,2,3,4,2,3,3,2,3,2,1,2
CMP-3501,3. The Structured Builder,Tech SME,1-50,Stuttgart,Cost Reduction,3,3,3,3,5,3,3,3,3,2,3,3,4,4,3,3,3,3,4,3,3,1,3,3,3,3,2,3,3,3,3,2,4,3,2
CMP-2439,3. The Structured Builder,Tech SME,51-250,Hamburg,Search/Recommendations,3,3,3,3,3,3,3,3,4,4,3,2,4,3,3,2,3,4,3,5,2,3,3,3,3,5,2,3,3,2,3,3,3,3,3
CMP-6398,3. The Structured Builder,Healthcare,51-250,Frankfurt,Cost Reduction,2,4,4,3,3,3,3,3,5,3,4,5,4,3,3,3,3,3,2,3,3,2,3,3,3,2,2,2,4,2,3,3,3,3,3
CMP-1116,3. The Structured Builder,Retail,251-500,Stuttgart,Cost Reduction,3,3,3,4,4,3,4,3,2,4,3,1,4,3,4,4,3,1,3,3,3,3,3,4,3,3,4,2,2,3,2,2,3,3,3
CMP-1826,3. The Structured Builder,Logistics,1-50,Stuttgart,Search/Recommendations,2,3,3,3,3,3,3,4,2,5,3,4,3,2,1,3,2,3,3,3,3,3,3,3,3,3,2,3,4,3,3,3,2,4,2
CMP-1724,3. The Structured Builder,Manufacturing,251-500,Stuttgart,Cost Reduction,3,3,3,3,3,4,4,2,2,2,2,2,4,3,3,4,3,3,1,3,3,3,2,2,4,3,3,3,3,3,2,4,4,3,3
CMP-5267,3. The Structured Builder,Retail,51-250,Cologne,Search/Recommendations,5,4,3,3,3,4,2,4,3,4,2,4,2,2,3,3,2,3,3,3,3,3,4,3,3,3,3,1,2,3,3,3,3,2,4
CMP-3902,3. The Structured Builder,Finance,1-50,Hamburg,Cost Reduction,3,3,3,2,5,3,2,3,3,3,4,3,2,2,2,3,2,3,4,3,3,2,3,3,3,3,3,3,3,3,3,2,3,3,3
CMP-7927,3. The Structured Builder,Tech SME,51-250,Hamburg,Data Insights,3,3,3,3,3,3,3,3,3,3,3,2,3,3,4,2,3,3,1,3,3,3,3,4,2,3,3,4,3,2,3,3,2,3,3
CMP-4740,3. The Structured Builder,Finance,251-500,Berlin,Document Processing,3,3,3,3,3,3,2,4,3,3,3,2,3,3,4,3,2,3,3,2,3,3,3,2,3,3,3,4,2,3,3,3,3,3,2
CMP-4727,3. The Structured Builder,Retail,1-50,Frankfurt,Document Processing,3,2,3,3,3,3,3,3,4,3,3,4,1,4,2,2,3,4,4,3,4,3,3,3,3,4,3,2,4,3,3,3,3,2,3
CMP-6075,3. The Structured Builder,Tech SME,51-250,Frankfurt,Data Insights,3,3,3,4,3,3,3,3,2,3,2,2,3,2,3,3,3,2,3,3,4,4,3,3,3,5,3,3,3,3,4,3,3,5,2
CMP-3684,3. The Structured Builder,Tech SME,1-50,Hamburg,Task Automation,4,4,3,3,4,4,3,3,3,3,4,3,3,2,3,3,2,3,2,2,2,2,3,4,3,3,3,5,3,3,2,5,3,4,4
CMP-6877,3. The Structured Builder,Finance,251-500,Berlin,Document Processing,3,3,2,3,2,3,3,3,3,3,3,3,3,3,1,2,4,3,3,3,4,3,2,3,3,3,3,4,3,4,2,2,3,3,4
CMP-7157,3. The Structured Builder,Retail,1-50,Cologne,Document Processing,5,4,2,4,4,3,2,3,2,5,2,4,3,2,3,3,3,3,3,3,3,3,3,3,3,3,3,3,3,3,4,3,4,3,2
CMP-8619,3. The Structured Builder,Logistics,51-250,Cologne,Data Insights,5,2,3,3,3,2,3,2,4,2,4,4,3,3,3,2,4,3,3,3,4,2,3,3,1,3,2,3,3,3,3,3,3,3,3
CMP-8815,3. The Structured Builder,Finance,51-250,Munich,Document Processing,3,2,3,3,3,3,3,3,2,4,3,3,3,3,3,3,4,4,4,2,4,3,3,3,3,3,2,3,3,4,3,2,3,3,3
CMP-2995,3. The Structured Builder,Services,51-250,Frankfurt,Document Processing,3,3,2,4,3,4,3,3,3,3,1,3,3,4,3,2,3,3,2,3,4,5,2,2,2,3,3,3,2,3,3,4,3,3,3
CMP-9349,3. The Structured Builder,Healthcare,51-250,Stuttgart,Task Automation,3,3,1,5,3,2,3,3,3,4,3,3,3,3,4,4,3,3,3,3,2,3,3,3,1,3,2,3,3,3,3,4,3,3,3
CMP-1135,3. The Structured Builder,Healthcare,51-250,Cologne,Task Automation,3,4,2,2,3,3,2,5,2,3,3,2,4,4,2,4,4,3,3,3,3,3,3,4,3,3,2,4,3,3,3,3,2,3,3
CMP-3968,3. The Structured Builder,Logistics,251-500,Cologne,Customer Service Efficiency,3,2,3,3,3,2,3,3,3,3,3,2,3,3,3,3,3,3,3,3,3,3,4,3,5,3,2,3,3,4,3,3,3,3,3
CMP-9543,3. The Structured Builder,Finance,51-250,Hamburg,Data Insights,3,3,2,2,3,2,4,3,3,4,4,3,3,3,3,4,3,3,2,2,3,3,4,3,3,3,3,3,5,2,4,3,2,3,4
CMP-4361,3. The Structured Builder,Logistics,51-250,Berlin,Search/Recommendations,3,2,3,2,2,3,2,2,3,4,3,4,3,5,1,1,2,2,4,3,2,3,3,3,4,5,2,2,3,3,3,3,3,3,3
CMP-5052,3. The Structured Builder,Healthcare,51-250,Frankfurt,Document Processing,4,3,3,4,3,3,3,3,3,3,3,1,3,2,3,3,4,4,3,4,4,4,2,3,2,2,3,3,3,2,4,2,1,2,3
CMP-6168,3. The Structured Builder,Healthcare,51-250,Berlin,Customer Service Efficiency,3,3,4,3,2,4,1,4,2,3,3,4,3,2,2,3,3,3,5,3,3,2,3,4,4,2,3,2,3,4,2,3,4,3,2
CMP-4485,3. The Structured Builder,Services,251-500,Berlin,Data Insights,5,2,3,3,3,2,2,3,3,4,1,3,4,3,3,4,1,3,4,3,3,3,3,3,3,3,3,4,3,3,2,3,2,3,3
CMP-9624,3. The Structured Builder,Logistics,251-500,Stuttgart,Document Processing,1,2,3,3,5,3,2,3,4,3,2,4,3,3,3,4,3,3,3,2,3,4,2,2,1,2,3,4,2,3,3,3,3,3,3
CMP-2468,3. The Structured Builder,Healthcare,1-50,Stuttgart,Data Insights,2,4,4,4,2,3,3,2,2,3,5,3,3,3,4,4,3,3,3,3,2,2,3,2,4,3,4,3,4,3,3,4,3,3,2
CMP-4355,3. The Structured Builder,Services,251-500,Hamburg,Search/Recommendations,3,2,3,3,3,3,3,3,3,3,3,3,4,2,3,3,3,2,5,3,3,3,2,3,3,3,5,3,4,3,4,3,3,3,3
CMP-6102,3. The Structured Builder,Tech SME,251-500,Frankfurt,Document Processing,2,4,3,2,2,3,3,2,2,3,3,3,3,2,2,4,3,3,3,2,3,3,2,3,3,4,3,3,2,3,3,2,3,5,2
CMP-1528,3. The Structured Builder,Services,51-250,Hamburg,Data Insights,3,4,2,3,3,3,3,3,2,3,3,3,4,3,3,2,2,5,3,3,1,3,3,1,3,3,2,4,2,3,2,3,2,3,4
CMP-2756,3. The Structured Builder,Manufacturing,1-50,Berlin,Cost Reduction,2,3,3,2,4,3,3,3,4,4,4,3,4,3,2,3,3,1,2,2,4,3,4,3,3,3,1,3,3,3,2,3,2,3,3
CMP-4907,3. The Structured Builder,Services,251-500,Stuttgart,Document Processing,3,3,3,2,3,2,3,1,4,3,1,5,2,3,3,3,3,4,3,4,3,3,2,2,3,3,3,4,2,3,3,3,3,3,3
CMP-7713,3. The Structured Builder,Retail,51-250,Stuttgart,Customer Service Efficiency,3,3,3,4,3,3,3,3,2,3,4,2,3,3,3,1,4,2,5,4,3,3,3,3,3,3,3,3,3,2,4,2,3,3,2
CMP-3788,3. The Structured Builder,Manufacturing,51-250,Hamburg,Data Insights,3,2,4,3,2,3,2,4,3,4,4,3,3,2,4,5,3,3,3,2,3,3,3,3,3,3,3,3,5,4,2,2,3,1,3
CMP-8474,3. The Structured Builder,Manufacturing,1-50,Stuttgart,Cost Reduction,2,4,1,3,3,3,4,4,3,5,5,4,3,2,5,3,3,3,3,3,5,3,3,3,3,2,4,3,4,3,1,1,2,4,2
CMP-3275,3. The Structured Builder,Tech SME,1-50,Stuttgart,Search/Recommendations,3,5,3,3,2,3,3,3,2,3,3,1,3,3,3,2,3,4,1,2,2,3,2,3,2,3,3,4,3,3,4,4,3,3,3
CMP-5956,3. The Structured Builder,Services,1-50,Berlin,Document Processing,4,3,3,3,3,3,3,4,3,2,3,2,2,3,3,3,4,3,2,2,4,3,4,3,3,2,3,3,4,3,3,2,3,5,3
CMP-5868,3. The Structured Builder,Finance,51-250,Berlin,Cost Reduction,3,3,2,3,2,3,3,3,2,3,3,3,3,3,4,3,3,2,3,3,4,4,2,4,2,3,3,3,5,3,3,2,2,3,2
CMP-1377,3. The Structured Builder,Finance,51-250,Munich,Data Insights,3,3,3,3,3,3,4,2,3,2,3,3,4,3,3,4,3,4,3,3,2,2,3,2,3,3,2,3,4,3,3,4,3,3,4
CMP-2282,3. The Structured Builder,Finance,251-500,Hamburg,Search/Recommendations,3,3,3,2,3,3,2,3,3,2,3,3,3,3,3,1,3,3,4,2,4,3,2,3,2,3,2,3,3,2,3,2,3,3,3
CMP-3958,3. The Structured Builder,Logistics,251-500,Stuttgart,Document Processing,2,3,2,3,3,2,2,3,4,3,2,4,3,3,3,3,3,3,3,3,3,4,3,3,4,2,3,3,1,3,3,1,3,2,3
CMP-1799,3. The Structured Builder,Healthcare,251-500,Cologne,Search/Recommendations,3,3,3,3,4,3,4,2,4,3,3,4,3,3,2,1,5,2,4,3,3,4,3,3,3,4,4,4,3,3,3,3,3,3,4
CMP-6154,3. The Structured Builder,Finance,51-250,Frankfurt,Cost Reduction,2,3,3,3,2,3,1,3,2,3,1,2,2,3,3,5,4,2,3,2,1,4,2,3,3,4,2,3,3,2,4,5,3,3,3
CMP-4707,3. The Structured Builder,Manufacturing,51-250,Berlin,Customer Service Efficiency,3,3,2,4,5,3,2,4,2,3,3,3,3,4,3,3,3,1,3,3,2,3,5,4,4,3,4,2,3,3,4,3,3,3,3
CMP-4998,3. The Structured Builder,Retail,251-500,Cologne,Search/Recommendations,3,4,3,3,3,4,3,3,3,3,3,5,3,3,4,3,3,4,4,3,5,3,3,3,3,4,3,3,4,3,3,3,3,3,2
CMP-7070,3. The Structured Builder,Logistics,51-250,Stuttgart,Search/Recommendations,3,2,3,3,3,2,2,4,2,3,2,3,3,4,3,3,4,2,2,1,3,2,2,2,3,3,4,3,3,3,2,2,3,2,4
CMP-1375,3. The Structured Builder,Finance,1-50,Frankfurt,Cost Reduction,3,4,3,4,2,2,3,3,3,3,2,3,3,3,3,4,3,2,2,3,3,3,2,3,4,2,3,3,3,3,3,4,3,2,3
CMP-4041,3. The Structured Builder,Services,51-250,Stuttgart,Data Insights,3,2,3,3,3,4,3,2,4,3,2,3,3,3,2,3,3,3,3,4,4,3,2,2,4,3,3,3,3,4,3,4,3,3,4
CMP-2228,3. The Structured Builder,Logistics,51-250,Cologne,Cost Reduction,3,4,4,3,3,2,3,4,4,3,3,2,4,3,4,2,2,3,4,3,3,4,3,3,3,3,3,5,3,3,2,4,4,4,3
CMP-2339,3. The Structured Builder,Finance,51-250,Hamburg,Customer Service Efficiency,3,4,3,5,3,2,3,3,2,2,2,3,3,3,4,3,3,2,4,3,1,3,3,3,2,4,2,3,2,3,3,3,3,3,3
CMP-8819,3. The Structured Builder,Services,251-500,Munich,Cost Reduction,2,2,3,3,2,3,3,3,3,3,3,3,2,3,3,3,3,3,3,3,3,4,3,3,3,3,3,5,3,3,2,3,4,2,2
CMP-5338,4. The Value Scaler,Healthcare,500+,Frankfurt,Document Processing,1,5,4,4,5,5,4,3,4,3,5,4,4,4,4,5,3,4,2,4,5,4,3,4,4,4,4,4,5,4,4,5,4,4,3
CMP-9282,4. The Value Scaler,Healthcare,500+,Berlin,Data Insights,4,4,5,4,4,5,5,4,4,3,5,5,4,4,4,4,4,1,4,4,3,4,3,4,4,4,1,3,4,3,4,3,4,5,4
CMP-8503,4. The Value Scaler,Healthcare,500+,Cologne,Data Insights,3,4,3,4,4,3,5,4,4,5,1,4,5,4,1,4,4,5,4,4,5,4,4,4,4,4,5,4,5,3,5,4,4,5,4
CMP-2438,4. The Value Scaler,Services,251-500,Munich,Search/Recommendations,5,3,4,5,3,4,1,4,5,3,3,4,3,5,5,4,4,4,4,4,4,4,4,4,4,3,4,4,4,4,5,4,4,4,4
CMP-1795,4. The Value Scaler,Healthcare,500+,Hamburg,Customer Service Efficiency,4,4,4,4,3,4,4,4,4,4,4,4,4,5,3,4,5,4,4,4,4,4,3,4,4,4,4,3,3,4,4,5,4,4,4
CMP-9606,4. The Value Scaler,Finance,500+,Hamburg,Data Insights,4,5,4,4,3,4,3,4,4,4,4,4,3,4,4,4,4,3,5,4,4,3,1,4,4,4,4,3,1,4,5,4,5,4,4
CMP-1350,4. The Value Scaler,Healthcare,251-500,Cologne,Cost Reduction,4,4,5,4,4,3,5,2,4,3,4,4,2,4,5,4,4,2,4,4,3,3,5,3,5,4,5,4,4,5,4,4,4,4,4
CMP-5839,4. The Value Scaler,Retail,251-500,Cologne,Cost Reduction,4,4,4,3,3,4,4,3,4,4,4,5,3,5,4,5,5,4,4,4,4,4,4,4,4,4,3,4,4,4,1,4,4,1,4
CMP-7355,4. The Value Scaler,Manufacturing,251-500,Berlin,Cost Reduction,4,5,3,5,3,4,4,5,4,4,4,5,5,4,4,5,5,4,4,4,4,3,4,4,4,4,4,5,4,4,4,3,4,4,2
CMP-4917,4. The Value Scaler,Retail,500+,Stuttgart,Search/Recommendations,4,4,4,3,4,3,4,3,4,4,3,5,4,4,4,4,4,3,3,4,4,4,4,3,4,4,4,4,4,4,1,4,4,4,4
CMP-8029,4. The Value Scaler,Retail,500+,Stuttgart,Data Insights,5,4,3,5,4,4,4,4,5,3,4,4,4,4,4,4,4,4,5,5,3,4,4,4,4,4,4,3,4,3,4,5,4,4,3
CMP-5399,4. The Value Scaler,Manufacturing,251-500,Cologne,Task Automation,5,4,4,4,3,3,5,4,4,4,3,5,4,3,3,3,4,4,4,3,4,4,4,4,4,4,3,5,4,3,4,2,4,4,4
CMP-9013,4. The Value Scaler,Healthcare,251-500,Stuttgart,Task Automation,3,4,3,4,4,4,1,4,4,2,3,4,3,4,4,4,4,4,4,5,5,4,4,4,4,4,5,4,4,4,4,4,4,5,4
CMP-5720,4. The Value Scaler,Manufacturing,500+,Hamburg,Cost Reduction,4,4,4,4,4,3,3,4,4,3,3,4,4,1,5,4,4,3,4,5,3,4,4,3,4,4,5,4,4,4,5,3,1,4,4
CMP-8871,4. The Value Scaler,Healthcare,251-500,Frankfurt,Search/Recommendations,4,4,3,4,4,4,5,3,4,4,4,3,4,3,4,5,4,4,4,3,1,4,4,5,4,4,5,2,4,4,4,4,4,4,4
CMP-8678,4. The Value Scaler,Tech SME,500+,Munich,Data Insights,4,4,5,1,4,1,3,3,4,4,4,5,4,3,4,1,4,4,4,3,4,5,4,4,5,4,4,5,4,1,4,5,4,4,4
CMP-7094,4. The Value Scaler,Logistics,251-500,Stuttgart,Task Automation,5,4,3,4,4,4,3,3,4,3,3,2,3,4,4,5,4,5,4,2,5,2,4,4,4,5,4,4,5,4,4,5,3,4,4
CMP-7604,4. The Value Scaler,Finance,500+,Stuttgart,Cost Reduction,4,4,4,4,4,4,4,3,4,4,4,4,1,4,4,3,3,5,4,1,4,4,4,3,5,3,4,4,5,4,4,3,3,5,5
CMP-3778,4. The Value Scaler,Retail,251-500,Stuttgart,Task Automation,4,1,4,5,1,5,4,4,3,3,4,4,5,4,4,4,4,3,4,5,3,4,4,4,4,4,4,4,3,4,3,2,4,3,3
CMP-3598,4. The Value Scaler,Services,251-500,Cologne,Cost Reduction,3,4,4,5,4,4,4,4,4,4,4,5,4,4,4,5,4,4,4,5,4,3,4,4,3,5,5,4,4,4,3,3,4,4,4
CMP-5894,4. The Value Scaler,Manufacturing,251-500,Stuttgart,Cost Reduction,3,4,4,4,3,3,4,4,5,4,5,4,5,4,3,4,4,3,1,5,4,3,4,5,4,5,4,4,4,5,3,4,4,4,4
CMP-1464,4. The Value Scaler,Tech SME,500+,Hamburg,Customer Service Efficiency,4,3,1,4,4,4,5,4,4,4,3,5,4,4,4,4,3,4,4,4,5,4,4,3,5,4,4,2,5,4,4,4,1,4,4
CMP-2044,4. The Value Scaler,Logistics,251-500,Frankfurt,Cost Reduction,5,3,4,5,3,4,3,5,2,3,4,4,4,4,4,1,4,2,4,3,3,3,4,4,4,5,4,4,5,3,5,4,5,4,4
CMP-3015,4. The Value Scaler,Tech SME,500+,Cologne,Customer Service Efficiency,4,4,4,4,2,4,4,5,4,5,4,4,4,3,5,4,4,4,3,3,3,5,4,3,3,4,4,4,4,5,4,4,3,5,4
CMP-5289,4. The Value Scaler,Finance,500+,Munich,Customer Service Efficiency,4,4,4,3,4,4,4,4,3,4,4,3,5,3,3,4,4,4,4,5,4,4,4,3,4,4,2,4,3,4,3,4,5,4,4
CMP-5476,4. The Value Scaler,Healthcare,251-500,Frankfurt,Customer Service Efficiency,4,5,3,4,5,4,4,5,4,3,5,4,5,4,4,5,3,4,4,4,4,4,3,3,4,4,3,5,4,4,5,4,4,4,4
CMP-3941,4. The Value Scaler,Healthcare,500+,Frankfurt,Search/Recommendations,4,4,4,4,3,4,3,4,4,4,4,4,4,5,4,5,4,4,4,4,4,4,4,5,4,4,3,4,4,4,4,5,4,4,4
CMP-9106,4. The Value Scaler,Finance,500+,Berlin,Customer Service Efficiency,4,4,4,5,4,4,3,4,4,4,5,4,3,5,3,3,4,4,4,4,4,3,4,3,4,4,4,5,3,3,4,4,4,4,4
CMP-3412,4. The Value Scaler,Healthcare,500+,Stuttgart,Document Processing,4,4,3,4,3,4,4,5,4,4,3,1,4,1,3,4,3,4,4,5,4,4,4,3,4,5,4,4,4,4,4,4,3,5,3
CMP-4428,4. The Value Scaler,Logistics,251-500,Berlin,Search/Recommendations,3,5,3,5,4,4,3,4,4,4,4,5,1,3,4,4,3,4,4,4,4,5,4,4,4,3,4,5,4,3,4,4,4,5,4
CMP-8475,4. The Value Scaler,Healthcare,251-500,Cologne,Document Processing,3,4,4,1,4,3,4,4,5,4,5,5,4,3,4,2,5,3,5,3,4,4,4,4,4,4,4,4,4,4,4,3,4,4,2
CMP-6768,4. The Value Scaler,Tech SME,500+,Cologne,Document Processing,4,4,5,4,3,4,3,4,5,4,4,4,5,4,4,5,4,3,4,4,4,3,3,4,1,3,4,4,4,4,5,3,4,4,4
CMP-4034,4. The Value Scaler,Tech SME,251-500,Frankfurt,Cost Reduction,3,4,3,4,3,4,5,4,4,4,4,4,1,4,4,4,5,4,4,3,4,4,3,5,4,4,3,3,4,5,5,4,3,5,3
CMP-8536,4. The Value Scaler,Tech SME,251-500,Cologne,Document Processing,4,4,5,5,3,4,4,5,4,3,4,4,4,4,5,3,4,4,5,4,3,3,4,1,4,3,4,4,4,4,4,4,2,4,4
CMP-2325,4. The Value Scaler,Healthcare,251-500,Stuttgart,Task Automation,4,4,3,4,4,4,4,3,4,2,3,4,4,4,2,4,3,4,4,5,4,3,4,2,4,4,3,5,4,5,3,4,4,4,4
CMP-3398,4. The Value Scaler,Services,500+,Munich,Cost Reduction,4,1,5,4,4,4,4,5,4,4,4,4,4,3,4,4,4,4,4,4,4,3,4,4,5,3,4,3,4,5,3,3,4,4,4
CMP-2437,4. The Value Scaler,Healthcare,500+,Cologne,Search/Recommendations,2,4,4,4,1,4,5,5,2,3,4,5,5,4,4,3,5,4,4,3,4,5,4,5,4,3,4,3,5,3,4,2,4,4,4
CMP-5930,4. The Value Scaler,Healthcare,251-500,Munich,Data Insights,4,5,4,3,5,3,4,4,5,5,5,4,5,3,3,4,5,3,5,4,4,4,4,4,3,4,4,4,4,1,4,4,5,4,2
CMP-8910,4. The Value Scaler,Tech SME,251-500,Munich,Document Processing,3,3,4,3,4,4,4,4,4,4,3,4,4,4,3,4,4,4,3,4,2,4,1,4,3,5,4,3,2,2,5,3,4,4,4
CMP-2374,4. The Value Scaler,Retail,500+,Cologne,Document Processing,5,1,5,4,5,4,3,1,4,5,2,4,5,4,4,4,4,3,4,4,4,3,4,4,5,4,4,4,4,4,3,3,3,4,4
CMP-6106,4. The Value Scaler,Logistics,251-500,Cologne,Cost Reduction,4,1,4,4,4,5,4,4,4,4,4,4,4,5,4,3,4,3,4,4,4,3,1,3,4,4,4,4,5,4,5,4,4,5,3
CMP-1137,4. The Value Scaler,Tech SME,500+,Frankfurt,Document Processing,4,4,4,4,5,3,4,3,5,4,4,4,4,3,4,5,5,5,4,4,4,5,3,4,5,4,5,4,4,4,4,4,3,5,4
CMP-2551,4. The Value Scaler,Tech SME,500+,Berlin,Task Automation,3,4,4,4,4,4,5,5,4,5,4,5,3,2,4,3,4,4,3,5,3,3,4,4,3,4,5,4,4,4,4,4,4,4,4
CMP-3727,4. The Value Scaler,Finance,500+,Cologne,Task Automation,4,4,4,3,5,4,5,4,4,4,4,4,5,3,4,2,4,4,3,5,4,1,3,4,5,4,4,4,4,4,3,4,3,4,1
CMP-2153,4. The Value Scaler,Healthcare,500+,Cologne,Data Insights,4,4,4,5,5,5,5,3,3,3,4,4,5,4,4,3,4,4,4,5,4,3,4,3,5,4,3,4,4,4,4,4,3,5,5
CMP-3717,4. The Value Scaler,Healthcare,251-500,Frankfurt,Customer Service Efficiency,4,4,5,3,4,3,4,4,4,5,4,5,3,5,4,4,3,4,5,4,4,5,3,4,5,4,5,3,4,5,4,5,3,4,4
CMP-7259,4. The Value Scaler,Logistics,251-500,Munich,Document Processing,4,3,4,3,3,3,4,4,5,4,3,5,4,4,1,4,3,4,3,5,5,2,4,4,4,5,3,5,4,4,4,4,4,4,2
CMP-3646,4. The Value Scaler,Logistics,500+,Hamburg,Data Insights,3,4,2,5,4,5,5,2,4,4,4,4,4,4,4,4,4,4,4,4,4,1,4,4,4,3,4,4,4,4,5,4,5,4,4
CMP-9834,4. The Value Scaler,Manufacturing,500+,Stuttgart,Customer Service Efficiency,4,1,5,4,5,4,4,3,4,4,4,5,1,3,3,4,4,5,4,4,5,2,4,4,3,4,5,3,3,4,4,3,4,3,3
CMP-4311,4. The Value Scaler,Logistics,500+,Munich,Data Insights,2,3,4,4,4,3,3,3,1,4,3,4,4,4,3,4,3,3,4,4,4,4,4,5,4,3,4,4,4,4,4,3,3,4,4
CMP-9271,4. The Value Scaler,Healthcare,251-500,Frankfurt,Task Automation,4,4,3,2,5,4,4,4,3,5,5,4,5,4,4,4,3,4,3,5,4,5,4,4,4,3,4,4,4,4,3,4,5,4,4
CMP-5486,4. The Value Scaler,Finance,500+,Stuttgart,Search/Recommendations,3,1,4,3,5,4,4,4,4,4,4,4,3,4,4,3,4,2,4,3,4,3,1,1,4,4,4,4,3,3,4,4,4,5,1
CMP-3504,4. The Value Scaler,Finance,251-500,Hamburg,Task Automation,4,3,3,4,4,3,5,3,2,5,4,4,4,4,4,4,4,5,4,4,4,4,5,4,3,3,4,4,3,4,4,3,4,4,5
CMP-7939,4. The Value Scaler,Tech SME,500+,Berlin,Customer Service Efficiency,5,5,4,4,5,4,4,4,4,5,3,4,4,1,4,4,4,4,4,4,4,3,4,4,4,5,4,4,4,4,4,4,5,5,3
CMP-5673,4. The Value Scaler,Tech SME,251-500,Berlin,Data Insights,5,4,4,4,4,4,4,4,3,4,4,4,4,5,3,4,5,4,2,4,4,3,4,4,1,4,4,4,4,1,4,5,4,5,3
CMP-1540,4. The Value Scaler,Retail,500+,Munich,Data Insights,4,4,4,4,4,4,3,4,4,4,4,5,4,4,4,4,3,4,4,5,5,4,3,3,4,4,2,4,3,5,4,4,5,4,5
CMP-9002,4. The Value Scaler,Logistics,251-500,Frankfurt,Customer Service Efficiency,4,3,4,4,4,3,4,5,4,4,4,3,2,4,1,4,4,4,3,4,1,3,4,5,4,4,5,4,4,4,4,5,3,4,3
CMP-8389,4. The Value Scaler,Healthcare,500+,Munich,Customer Service Efficiency,4,5,5,5,1,4,4,3,4,5,4,4,5,4,4,3,4,4,4,5,4,5,4,5,3,4,4,4,4,5,4,1,4,4,1
CMP-6627,4. The Value Scaler,Logistics,251-500,Stuttgart,Document Processing,4,5,5,2,4,4,4,4,4,3,3,4,4,5,4,3,5,4,4,4,4,3,3,2,4,4,5,3,5,5,4,4,4,4,4
CMP-7203,4. The Value Scaler,Retail,251-500,Cologne,Cost Reduction,3,5,4,4,4,4,5,4,4,5,4,4,4,4,3,3,4,4,3,2,4,3,4,4,4,4,4,1,4,3,5,4,4,4,4
CMP-5059,5. The AI-Enabled Leader,Retail,500+,Stuttgart,Document Processing,1,4,5,5,4,5,5,5,5,5,5,5,5,1,5,5,4,5,5,5,5,5,5,5,5,5,5,4,5,1,5,5,5,5,5
CMP-2187,5. The AI-Enabled Leader,Healthcare,251-500,Frankfurt,Data Insights,1,5,5,1,5,5,5,4,5,1,5,5,5,5,4,3,5,5,1,4,5,5,2,5,5,4,5,4,5,5,2,5,5,5,5
CMP-4100,5. The AI-Enabled Leader,Manufacturing,251-500,Munich,Task Automation,5,5,4,5,5,4,5,5,5,5,5,5,2,5,5,5,1,1,2,4,5,5,1,5,5,5,5,5,1,5,5,5,3,5,1
CMP-8881,5. The AI-Enabled Leader,Healthcare,251-500,Cologne,Customer Service Efficiency,5,4,4,5,5,5,5,5,5,5,5,1,5,5,5,5,5,5,5,1,5,5,5,2,5,5,3,5,3,5,5,5,5,4,5
CMP-5058,5. The AI-Enabled Leader,Finance,251-500,Hamburg,Search/Recommendations,4,2,4,5,4,5,5,5,5,4,5,5,5,5,5,5,5,5,1,1,4,5,5,5,5,5,5,5,4,5,5,5,5,4,4
CMP-6070,5. The AI-Enabled Leader,Tech SME,500+,Berlin,Search/Recommendations,5,5,4,4,4,4,5,5,5,5,2,4,5,3,4,5,4,5,4,5,5,5,5,5,1,5,4,5,5,4,5,5,5,5,5
CMP-7062,5. The AI-Enabled Leader,Tech SME,500+,Munich,Customer Service Efficiency,5,5,4,5,5,4,3,5,5,5,3,5,1,4,5,2,4,1,5,2,1,5,5,1,4,4,4,5,5,5,5,5,5,5,5
CMP-9206,5. The AI-Enabled Leader,Finance,500+,Berlin,Customer Service Efficiency,5,2,5,4,5,1,5,5,5,5,5,5,5,4,5,5,5,5,4,5,4,5,5,4,5,5,4,2,5,5,5,5,5,5,5
CMP-1824,5. The AI-Enabled Leader,Services,251-500,Munich,Document Processing,4,5,5,4,4,5,5,5,5,5,4,5,5,4,3,5,5,5,5,5,5,5,5,5,5,5,4,4,4,5,5,5,5,4,5
CMP-4992,5. The AI-Enabled Leader,Retail,500+,Stuttgart,Customer Service Efficiency,5,5,5,4,4,5,5,4,5,5,5,5,5,5,5,5,5,3,5,2,4,4,5,5,5,5,3,5,5,5,3,4,5,4,5
CMP-9349,5. The AI-Enabled Leader,Finance,500+,Hamburg,Task Automation,5,5,5,4,4,5,4,4,4,5,2,4,5,3,5,5,5,5,5,4,5,5,3,1,4,5,4,5,4,5,5,5,2,5,4
CMP-8478,5. The AI-Enabled Leader,Manufacturing,251-500,Berlin,Search/Recommendations,4,3,5,5,5,4,5,5,5,5,5,5,5,5,5,5,4,5,5,5,2,5,5,4,5,5,4,5,5,4,5,5,5,5,4
CMP-9643,5. The AI-Enabled Leader,Healthcare,500+,Hamburg,Cost Reduction,5,5,5,5,5,5,4,4,5,5,5,4,4,5,5,5,5,1,5,4,5,4,1,4,2,5,5,4,3,5,4,5,4,5,4
CMP-9254,5. The AI-Enabled Leader,Finance,251-500,Hamburg,Data Insights,5,5,5,4,5,5,5,5,5,5,5,4,4,2,5,2,5,5,5,5,5,5,5,2,3,5,5,5,5,4,5,5,5,5,5
CMP-8395,5. The AI-Enabled Leader,Services,500+,Berlin,Document Processing,5,4,5,4,5,5,4,5,5,5,5,5,5,5,5,5,5,5,5,4,4,5,4,5,5,5,5,5,5,5,5,5,4,5,5
